판매자ID,판매자,판매 서비스 수,총 판매 금액,프리미엄 서비스 가입여부,신속 알람 서비스 사용여부
V2_0,김러그,326,147927420,가입,미사용
V2_1,디프라이,43,146832200,가입,미사용
V2_2,Sailorkr,14,140029000,가입,미사용
V2_3,신뢰할만한지식인65,16,130713200,가입,미사용
V2_4,에픽핫,18,126229400,가입,미사용
V2_5,앱플랫폼만드는전문가,6,99299800,가입,미사용
V2_6,한길소프트,6,99050900,가입,미사용
V2_7,김케이9089,93,94820200,가입,미사용
V2_8,ORDO,27,90478780,가입,미사용
V2_9,티릴리,18,90144000,가입,미사용
V2_10,기획자심근수,45,88672200,가입,미사용
V2_11,노란창문,433,88536310,가입,사용
V2_12,Python과AWS,23,86959600,가입,미사용
V2_13,개밥그릇,2924,75635570,가입,미사용
V2_14,kbs,2447,68746230,가입,사용
V2_15,아하데이터랩,1810,68268880,가입,사용
V2_16,저디잘,978,67328060,가입,사용
V2_17,number154a,1642,66723840,가입,사용
V2_18,Loonix,781,65931080,가입,사용
V2_19,var,2180,65200770,가입,사용
V2_20,민그리머,1803,64245140,가입,사용
V2_21,12년차기획전문가,1177,63777650,가입,사용
V2_22,밥알미디어,2096,63769000,가입,사용
V2_23,카네기,1256,63396110,가입,사용
V2_24,Kerry7,1764,63263530,가입,사용
V2_25,풍요로운수달,1145,62564790,미가입,사용
V2_26,코딩전문가분석전문가,228,61940420,미가입,미사용
V2_27,하로스튜디오,1110,61861990,미가입,사용
V2_28,포인트폰,185,61262800,미가입,미사용
V2_29,임쁘띠,582,61023380,가입,사용
V2_30,JAC,53,60646800,가입,미사용
V2_31,시스픽스,4180,60150440,가입,사용
V2_32,DNS,6,60068000,가입,미사용
V2_33,다해준다,402,59979500,가입,미사용
V2_34,cgod,1089,59914700,가입,사용
V2_35,design2u,1603,59871950,가입,사용
V2_36,워드프레서,900,59581720,가입,사용
V2_37,오토스탁,191,58873720,가입,미사용
V2_38,locozdesign,27,58380400,가입,미사용
V2_39,하시인,1489,58187800,가입,사용
V2_40,MInhoHwangK9,251,58004860,가입,미사용
V2_41,신씨남자,115,57551000,가입,사용
V2_42,Kants,195,57168600,가입,미사용
V2_43,원스홈페이지,373,57121130,가입,미사용
V2_44,스튜디오플랜씨,212,56963660,가입,미사용
V2_45,타임포애드,28,56219200,가입,미사용
V2_46,용병,513,55093300,가입,사용
V2_47,비햄Bham,762,55057420,가입,사용
V2_48,nomadyoung,103,54800000,가입,미사용
V2_49,오토코인,354,54689400,가입,미사용
V2_50,파디오,398,54677540,가입,미사용
V2_51,잉글로고,281,54532260,가입,미사용
V2_52,디자인하이브,403,54356900,가입,미사용
V2_53,파나마소프트,56,54340320,가입,미사용
V2_54,웹인어스,169,54320000,가입,사용
V2_55,makjune,54,53558100,가입,미사용
V2_56,TeamSFB,276,53555200,가입,미사용
V2_57,Jprospace,129,53044550,가입,미사용
V2_58,BotMaker,110,52639600,가입,미사용
V2_59,토리팜,170,52553230,가입,사용
V2_60,코어2코어,129,52409810,가입,미사용
V2_61,꼬미애비,423,52408780,가입,사용
V2_62,한석영,9,52104200,가입,사용
V2_63,홈페이지박스,153,51830780,가입,미사용
V2_64,BreadOne,64,51707360,미가입,미사용
V2_65,비베스,688,50994430,미가입,사용
V2_66,DesignerTEO,77,50841620,미가입,미사용
V2_67,돌마,840,50783230,가입,사용
V2_68,페라프라페,747,50062620,가입,사용
V2_69,똘맹,159,50052700,가입,사용
V2_70,브릿지게임즈,9,49544200,가입,미사용
V2_71,탸탸안드,881,49302250,가입,사용
V2_72,디자인담다,88,49001620,가입,미사용
V2_73,최현오,854,48828340,가입,사용
V2_74,예스맨,149,48764250,가입,미사용
V2_75,펄라이트,10,48424000,가입,미사용
V2_76,CreativeWriter,168,48062280,가입,사용
V2_77,OrcaSoft,12,48020600,가입,미사용
V2_78,갓성비파트너스,20,47987680,가입,미사용
V2_79,코메프리마,680,47976090,가입,사용
V2_80,speeno,157,47629880,가입,사용
V2_81,Mickycci,92,47416800,가입,미사용
V2_82,척척통계석사,866,47222250,가입,사용
V2_83,mission1,41,47108700,가입,미사용
V2_84,트렌디유저,116,47099260,가입,미사용
V2_85,꿈코,139,46926720,가입,미사용
V2_86,autobot,105,46915900,가입,사용
V2_87,다은크리에이터,47,46906800,가입,미사용
V2_88,stonemodoo,553,46519380,가입,사용
V2_89,이지엑셀,2729,46453680,가입,사용
V2_90,아이팩트,392,46356580,가입,미사용
V2_91,제이군마케팅,469,46016770,가입,사용
V2_92,오투오랩,300,45821820,가입,미사용
V2_93,넘버원아이템,192,45804700,가입,미사용
V2_94,야근하는손가락,1448,45656240,가입,미사용
V2_95,flatW,216,45376080,가입,미사용
V2_96,유스트라다무스,298,45172720,가입,사용
V2_97,스크래핑전문가2,31,45143100,가입,미사용
V2_98,CryptoRabbit,18,45101400,가입,미사용
V2_99,루코,91,45075720,가입,미사용
V2_100,코인매매전문,18,45056000,가입,미사용
V2_101,VRMaker,63,44950500,가입,미사용
V2_102,북치기박치기북북,126,44846720,가입,미사용
V2_103,22hours,227,44787520,가입,미사용
V2_104,스마트dda,3738,44589500,미가입,미사용
V2_105,WebiusDeveloper,1157,44166740,미가입,사용
V2_106,KYA,211,44007940,가입,미사용
V2_107,샌드박스네트워크,1,44000000,가입,미사용
V2_108,애니데이터,107,43986280,가입,미사용
V2_109,DesignKim,113,43983600,가입,미사용
V2_110,ES임베디드,173,43959180,가입,사용
V2_111,rigelko,1593,43785200,가입,사용
V2_112,pbkim2,27,43452200,가입,미사용
V2_113,SSOOYA,1157,43246640,가입,사용
V2_114,원데이샵,82,43162800,가입,미사용
V2_115,ITH,770,43140660,가입,사용
V2_116,BLOGO,415,43040920,가입,사용
V2_117,웹메이드,43,42979400,가입,미사용
V2_118,아이민트,40,42543400,가입,미사용
V2_119,웹대장,131,42287700,가입,미사용
V2_120,펀프롬잇,206,42206700,가입,미사용
V2_121,최초개척자,1571,42125240,가입,미사용
V2_122,태풍,71,42022000,가입,미사용
V2_123,웨이비,1160,41811900,가입,사용
V2_124,CLOUDLAB,1148,41606200,가입,사용
V2_125,스튜디오다름공간,25,41315000,가입,미사용
V2_126,무극선인,679,41292800,가입,사용
V2_127,슈징코,268,41018000,가입,미사용
V2_128,개발자강팀장,626,41014170,가입,사용
V2_129,PublisherSAN,753,40891460,가입,사용
V2_130,100ME,433,40852510,가입,사용
V2_131,나루세,234,40681600,가입,미사용
V2_132,크루또이,394,40609550,가입,미사용
V2_133,ㅣ김현우,29,40568000,가입,미사용
V2_134,웹제작소,246,40347520,가입,사용
V2_135,unidus,21,40193880,가입,미사용
V2_136,비바랩VIVALAB,78,39763200,가입,미사용
V2_137,esolution,102,39743980,가입,미사용
V2_138,아피토스,78,39561360,가입,미사용
V2_139,서울넘버풀,1031,39504630,가입,사용
V2_140,오토스탁1004,129,39373600,가입,미사용
V2_141,인터넷쇼핑몰전문가,255,39300120,가입,미사용
V2_142,EBConsulting,1069,39220780,가입,사용
V2_143,oxyzn,33,38866180,가입,미사용
V2_144,ProjectHenry,71,38850780,가입,미사용
V2_145,HYEONBLISHER,1074,38824060,가입,사용
V2_146,K7562120369,26,38781870,가입,미사용
V2_147,누누NUNU,362,38423100,가입,미사용
V2_148,해로웃탸,38,38298240,가입,미사용
V2_149,최지웅123,153,38273430,가입,미사용
V2_150,팀시지프스,447,38272000,가입,사용
V2_151,개발자둠타,667,38115880,가입,사용
V2_152,굿바이플래시,404,37668420,가입,사용
V2_153,카리스턱,1648,37592750,가입,사용
V2_154,하나0715,736,37558510,가입,사용
V2_155,마스터MASTER,74,37522080,가입,미사용
V2_156,달리는고슴도치,119,37517060,가입,미사용
V2_157,요리보고고,466,37293210,가입,사용
V2_158,ReactNext,536,37222620,가입,사용
V2_159,여름2,122,37024520,가입,미사용
V2_160,호랭2,1003,37012340,가입,사용
V2_161,소수의힘,673,37007400,가입,사용
V2_162,워드넷,1735,36935800,가입,사용
V2_163,5minute,75,36915000,가입,미사용
V2_164,토드로,626,36850620,가입,사용
V2_165,제이더블유,977,36706880,가입,사용
V2_166,로메인,451,36481520,가입,사용
V2_167,database전문가,1968,36473240,가입,사용
V2_168,숀화이트,337,36009980,가입,미사용
V2_169,예스빗,327,36008200,가입,미사용
V2_170,웹트박스,59,35867400,가입,미사용
V2_171,일삼사삼사공,898,35829660,가입,사용
V2_172,코딩해줘,490,35772790,가입,사용
V2_173,뽀뽀,125,35713680,가입,미사용
V2_174,케찹매니아,1146,35680090,미가입,사용
V2_175,뉴칼라,228,35673980,가입,미사용
V2_176,C마스터,505,35624380,가입,사용
V2_177,비트박,1149,35498560,가입,사용
V2_178,위너마케팅,200,35459870,가입,사용
V2_179,오즈의해결사,2851,35391800,가입,사용
V2_180,개발천사,39,35341400,가입,미사용
V2_181,셀크리즈,598,35195820,가입,사용
V2_182,온후파파,115,35009000,가입,사용
V2_183,dodesignsy,339,34952580,가입,사용
V2_184,에잇프레임,181,34894900,가입,미사용
V2_185,데이터사이언스박사,217,34554230,가입,미사용
V2_186,InfoSec,112,34428400,가입,미사용
V2_187,3DMANIA,117,34402280,가입,미사용
V2_188,글로벌Theo,42,34389000,가입,미사용
V2_189,leddits,54,34366940,가입,미사용
V2_190,elsoft,25,34249200,가입,미사용
V2_191,은앤은,2482,34197101,가입,사용
V2_192,BrownKIM,341,34196460,가입,사용
V2_193,HendersonCompany,20,34169580,가입,미사용
V2_194,조아웹,620,34138630,가입,사용
V2_195,keymamo,18,34106400,가입,미사용
V2_196,이홈피넷,72,33903400,가입,미사용
V2_197,태구리,516,33712920,가입,사용
V2_198,브랜드디렉터,74,33645500,가입,미사용
V2_199,Botbinoo,418,33607360,가입,사용
V2_200,Franny,595,33570430,가입,사용
V2_201,공부나라,113,33565200,가입,미사용
V2_202,슈퍼소리,164,33547460,가입,사용
V2_203,루다마루,73,33327180,가입,미사용
V2_204,GreenTester,54,33258800,가입,미사용
V2_205,김대리닷넷,1143,33211480,가입,사용
V2_206,lubiksss1,308,32972270,가입,미사용
V2_207,blackads,80,32788880,가입,미사용
V2_208,jinfunction,1040,32759680,가입,사용
V2_209,리얼마니,288,32657640,가입,사용
V2_210,비브랜딩BEBranding,66,32649700,가입,미사용
V2_211,데브네스트,203,32645910,가입,미사용
V2_212,아키프리,37,32639800,가입,미사용
V2_213,티타임75,1261,32552020,가입,사용
V2_214,SOOKYUNGJUNG,82,32543300,가입,미사용
V2_215,MTMLabs,64,32466000,가입,미사용
V2_216,심플솔루션,106,32387760,가입,사용
V2_217,에단Dev,1006,32380660,가입,사용
V2_218,코디CODY,69,32365800,가입,미사용
V2_219,게임드림,135,32281940,미가입,미사용
V2_220,jeipro,325,31949840,미가입,미사용
V2_221,코드엑스,25,31854100,미가입,미사용
V2_222,oneFE,748,31660160,미가입,사용
V2_223,9년차개발자,296,31660040,미가입,사용
V2_224,조교,1129,31618750,미가입,사용
V2_225,우장춘박사,812,31549530,미가입,사용
V2_226,워크프리,218,31508330,미가입,미사용
V2_227,닷JYL,62,31406320,미가입,미사용
V2_228,슬로아,88,31262080,미가입,미사용
V2_229,MasterONE,1775,31171540,미가입,사용
V2_230,비락식혜,521,31133815,미가입,사용
V2_231,최사장c,275,31094320,미가입,미사용
V2_232,K1103120746,63,30956800,미가입,미사용
V2_233,웹마스터헬로,154,30920400,미가입,사용
V2_234,jesuisseul,284,30832580,미가입,사용
V2_235,DPipe,289,30714820,미가입,사용
V2_236,YaaP,2344,30697540,미가입,사용
V2_237,jerife,537,30482410,미가입,사용
V2_238,개발자윤우,194,30470840,미가입,미사용
V2_239,엑셀로칼퇴,1904,30459950,미가입,사용
V2_240,KDJ,765,30312020,미가입,사용
V2_241,언폴드,811,30256800,미가입,사용
V2_242,코딩하는황소,116,30123200,미가입,미사용
V2_243,이머스immerse,97,30096500,미가입,미사용
V2_244,원펀,6,30044000,미가입,미사용
V2_245,Mapping,15,30003000,미가입,미사용
V2_246,Ilgaemi,470,29910920,미가입,사용
V2_247,STW,41,29901400,미가입,미사용
V2_248,이플랩,563,29719720,미가입,사용
V2_249,zepetobuild,49,29514240,미가입,미사용
V2_250,엑스컨설팅,58,29499400,미가입,미사용
V2_251,Inhandslife,482,29496880,미가입,사용
V2_252,팔삼씨유니버스,6,29417200,미가입,미사용
V2_253,NEXTLIGHT,271,29395080,미가입,미사용
V2_254,효베르,1602,29250810,미가입,사용
V2_255,궁봇,2444,29143485,미가입,사용
V2_256,코라텔,67,28975200,미가입,미사용
V2_257,jey0109,276,28974800,미가입,미사용
V2_258,기발한기발자,1015,28790990,미가입,사용
V2_259,감동프로그래머,1252,28742220,미가입,사용
V2_260,Bitview,359,28651140,미가입,미사용
V2_261,루비아이,756,28600270,미가입,사용
V2_262,웹지기,138,28529600,미가입,미사용
V2_263,아코,800,28525700,미가입,사용
V2_264,Coworking,25,28470000,가입,미사용
V2_265,Bostrom,457,28393130,가입,사용
V2_266,데본페이퍼DevonPaper,113,28379560,미가입,미사용
V2_267,트렌디한웹앱개발,277,28368360,미가입,미사용
V2_268,주식회사애프터타임,28,28349000,미가입,미사용
V2_269,SuniDev,257,28346010,미가입,미사용
V2_270,낙천적인브로콜리5393,268,28244770,미가입,미사용
V2_271,주식회사알파브라더스,92,28154260,미가입,미사용
V2_272,마리집사,132,28144080,미가입,미사용
V2_273,DIYmaker,490,28121900,미가입,사용
V2_274,꽃게는웹개발자,32,28121400,미가입,미사용
V2_275,끈질긴블랙,711,28110440,미가입,사용
V2_276,인디니티,4,28003000,미가입,미사용
V2_277,소상공인마트,329,27993920,미가입,미사용
V2_278,OMD,1224,27929280,미가입,사용
V2_279,워드프레스메가파운튼,1367,27784320,미가입,사용
V2_280,phpdev,463,27608660,미가입,사용
V2_281,zeehastory,1009,27584390,미가입,사용
V2_282,검색엔진최적화전문가,73,27340790,미가입,미사용
V2_283,퀀트레시피,469,27329530,미가입,사용
V2_284,young1113,27,27314360,미가입,미사용
V2_285,Mokky,635,27255820,미가입,사용
V2_286,스위프트브릿지,234,27215200,미가입,미사용
V2_287,임베디드펌웨어개발,76,27148680,미가입,미사용
V2_288,코리윤,76,27085800,미가입,미사용
V2_289,동그리동글,713,27051130,미가입,사용
V2_290,PIXEL,2296,27047500,미가입,사용
V2_291,용산집,215,27037620,미가입,미사용
V2_292,늘산,211,26980450,미가입,미사용
V2_293,MasterPlanner,984,26869750,미가입,사용
V2_294,덕이더기,48,26570760,미가입,미사용
V2_295,패스터,56,26502900,미가입,미사용
V2_296,homek,376,26442100,미가입,미사용
V2_297,애런강,869,26377240,미가입,사용
V2_298,wetogether,468,26360840,미가입,사용
V2_299,위키니트,37,26124200,미가입,미사용
V2_300,홈페이지지음,38,26114520,미가입,미사용
V2_301,hunahuna,271,26090400,미가입,미사용
V2_302,HackinFactory,463,25938580,미가입,사용
V2_303,Moheomwriter,222,25858900,미가입,사용
V2_304,NDesign,751,25666000,미가입,사용
V2_305,BAROCODING,34,25582580,미가입,미사용
V2_306,엑셀의신,1587,25505280,미가입,미사용
V2_307,유레카엔터프라이즈,47,25366000,미가입,미사용
V2_308,씨엠지코리아,14,25305000,미가입,미사용
V2_309,EdwardJ,134,25250100,미가입,미사용
V2_310,뾰로통한라벤더7140,477,25032700,가입,사용
V2_311,FlowChart,84,24965520,가입,미사용
V2_312,브랜디어,127,24901400,가입,미사용
V2_313,퍼디너스,127,24870700,가입,미사용
V2_314,Nanago,19,24812500,가입,미사용
V2_315,Piart,1516,24801970,가입,사용
V2_316,야무진병아리5159,121,24611550,가입,미사용
V2_317,윤스톤,1983,24570820,가입,사용
V2_318,전문가오리,961,24499010,가입,사용
V2_319,컬러풀거위라벨,48,24470500,가입,미사용
V2_320,지네,559,24379900,가입,사용
V2_321,개발디자인,241,24362660,가입,미사용
V2_322,디지크래프트,53,24316800,가입,사용
V2_323,민트초코컴퓨터,442,24294650,가입,사용
V2_324,스크래핑전문가,16,24186600,가입,미사용
V2_325,봉봉봉님,85,24080720,미가입,미사용
V2_326,픽스팩토리7079,902,24056400,미가입,사용
V2_327,에티스,193,24011760,미가입,미사용
V2_328,초심개발자,224,23977300,미가입,사용
V2_329,자동화프로그램만드는대학생,421,23695890,미가입,사용
V2_330,ShortCut,47,23657700,미가입,미사용
V2_331,est1984,198,23591860,미가입,사용
V2_332,bethev,90,23582000,미가입,미사용
V2_333,ERP크리에이터,6,23452400,미가입,미사용
V2_334,카르멜디자인,69,23362400,미가입,미사용
V2_335,커스터드시스템,25,23352900,미가입,미사용
V2_336,soroom,1155,23298440,미가입,사용
V2_337,향긋한소리,226,23245040,미가입,미사용
V2_338,zesty,7,23183800,미가입,미사용
V2_339,마스터파이썬하이,20,23181600,미가입,미사용
V2_340,pdeveloper,23,23124000,미가입,미사용
V2_341,To0,23,23067400,미가입,미사용
V2_342,코딩머신,414,23063780,미가입,사용
V2_343,Kinnefix,303,22829200,미가입,미사용
V2_344,트레이서,387,22748180,미가입,미사용
V2_345,코딩하는썸머,90,22672000,미가입,미사용
V2_346,이수혁,215,22616350,미가입,미사용
V2_347,치비리스스튜디오,9,22564000,미가입,미사용
V2_348,페이지원웍스,9,22543400,미가입,사용
V2_349,제이티그로우,22,22460800,미가입,미사용
V2_350,연봉백억,1937,22430680,미가입,사용
V2_351,가시사과,229,22417320,미가입,미사용
V2_352,크롤크라쓰,590,22323110,미가입,사용
V2_353,애드웹,207,22284300,미가입,미사용
V2_354,SSSDeveloper,432,22198260,미가입,사용
V2_355,박군,398,22118321,미가입,사용
V2_356,예은디벨롭,1268,22087120,미가입,사용
V2_357,마라톤,31,22062400,미가입,미사용
V2_358,DevelopersUFO,1412,22059740,미가입,사용
V2_359,hughking,420,22037780,미가입,사용
V2_360,캔소프트,2,22000000,미가입,미사용
V2_361,J마케터,1309,21974660,미가입,사용
V2_362,illyweb,283,21917900,미가입,미사용
V2_363,랩마스터,365,21815760,미가입,미사용
V2_364,Madbrain,197,21784860,가입,사용
V2_365,업무자동화전문가,75,21782100,가입,미사용
V2_366,KSEM,353,21614700,미가입,미사용
V2_367,원매크로U,682,21545390,미가입,사용
V2_368,빅토리아 모바일,106,21512360,미가입,사용
V2_369,제이케이스튜디오,219,21457880,미가입,미사용
V2_370,스튜디오하이킨,14,21412200,미가입,미사용
V2_371,webking,1165,21263520,미가입,사용
V2_372,굿래머스,38,21223600,미가입,미사용
V2_373,HopeLD,20,21162000,미가입,미사용
V2_374,향긋한프로젝트3712,201,21148520,미가입,사용
V2_375,UPSOFT,384,21137220,미가입,미사용
V2_376,whosetech,605,21118450,미가입,사용
V2_377,황준홍,604,21109920,미가입,사용
V2_378,HisLAB,178,21073100,미가입,미사용
V2_379,IT마스터,1617,21057730,미가입,사용
V2_380,PROMYS,1186,21048920,미가입,사용
V2_381,도톨리개발자,135,20993320,미가입,미사용
V2_382,디자인쇼크리더,66,20805200,미가입,미사용
V2_383,SEO튜닝마스터,46,20798600,미가입,미사용
V2_384,BBLR,43,20786000,미가입,미사용
V2_385,코잉,62,20771600,미가입,미사용
V2_386,오틸라,42,20717400,미가입,미사용
V2_387,최데브,465,20672480,미가입,사용
V2_388,주식회사마인드링크소프트,37,20604200,미가입,미사용
V2_389,RPA전문제작,90,20579400,미가입,미사용
V2_390,아바에스,226,20512180,미가입,미사용
V2_391,빌리블,504,20475830,미가입,사용
V2_392,시작컴퍼니,101,20246800,미가입,미사용
V2_393,씅퍼블리셔,844,20207330,미가입,사용
V2_394,Udesigns,316,20200680,미가입,미사용
V2_395,JCORPORATIONTECH,60,20191200,미가입,미사용
V2_396,컬러풀숨800,4,20054400,미가입,미사용
V2_397,기획실구실장,4,20038000,미가입,미사용
V2_398,크몽 블랙,4,20034400,미가입,미사용
V2_399,첫인상프로젝트,111,20000620,미가입,미사용
V2_400,마케토리,48,19966500,미가입,미사용
V2_401,K3984952620,2,19832000,미가입,미사용
V2_402,BlueMakers,408,19739300,미가입,사용
V2_403,JeongHui,577,19679420,미가입,사용
V2_404,아크리티브,13,19676000,미가입,미사용
V2_405,도넛소프트,276,19631400,미가입,미사용
V2_406,ParkSangwanMQOJHK,58,19623800,미가입,미사용
V2_407,박원호,344,19467200,미가입,사용
V2_408,BACOㅡ웹컨텐츠전문가,24,19306600,미가입,미사용
V2_409,shlee1990,430,19251190,미가입,사용
V2_410,개발더지,310,19230980,미가입,미사용
V2_411,WonB,62,19216540,미가입,미사용
V2_412,AutoAdmin,136,19212550,미가입,미사용
V2_413,응용프로그래머,122,19065800,미가입,미사용
V2_414,Intrium,525,19037440,미가입,사용
V2_415,C튜토리얼,1393,18976520,미가입,사용
V2_416,블루오션발굴단,504,18940120,미가입,사용
V2_417,Realdragonhead,97,18922000,미가입,미사용
V2_418,임베디드산업용시스템개발,474,18899950,미가입,사용
V2_419,UCGlobal,75,18802580,미가입,미사용
V2_420,그루위Growee,300,18801400,미가입,미사용
V2_421,느릿느릿해결사7167,1007,18782950,미가입,사용
V2_422,와이테크,1081,18779610,미가입,사용
V2_423,씽씽패밀리,463,18751700,미가입,사용
V2_424,포포앤주디,37,18666800,미가입,미사용
V2_425,BauHaus,50,18657600,미가입,미사용
V2_426,PHYSIA,89,18651200,미가입,미사용
V2_427,앱공작소,93,18571180,미가입,미사용
V2_428,Jemma220,26,18519900,미가입,미사용
V2_429,모두의자동화,882,18501860,미가입,사용
V2_430,좋은남자,73,18495080,가입,미사용
V2_431,다람쥐s2,316,18468330,가입,미사용
V2_432,드뷔시,36,18379800,미가입,미사용
V2_433,웹브레인,58,18337320,미가입,미사용
V2_434,클리엘소프트,67,18329080,미가입,미사용
V2_435,갓디노,75,18311400,미가입,미사용
V2_436,코리아킹스,36,18258800,미가입,미사용
V2_437,Flutter,658,18227800,미가입,사용
V2_438,스틱포인트,15,18129800,미가입,미사용
V2_439,실시간게임개발자,12,18114040,미가입,미사용
V2_440,PPS,118,18106940,미가입,미사용
V2_441,에이티에스,36,18028920,미가입,미사용
V2_442,RoOt,650,17995940,미가입,사용
V2_443,네오웨이,501,17988430,미가입,사용
V2_444,최대한최저가,516,17973660,미가입,사용
V2_445,show4you,473,17965560,미가입,사용
V2_446,보드메이커,20,17890000,미가입,미사용
V2_447,WOWNICEPRICE,480,17851390,미가입,사용
V2_448,ALLUM,673,17794760,미가입,사용
V2_449,개발자심재철,23,17729080,미가입,미사용
V2_450,RA2B,30,17658700,미가입,미사용
V2_451,collabocrew,35,17654400,미가입,미사용
V2_452,홍드림,293,17602760,미가입,사용
V2_453,THECREB더크래브,251,17579300,미가입,사용
V2_454,smallgate,689,17488740,미가입,사용
V2_455,라시온,271,17488600,미가입,미사용
V2_456,남는건코딩뿐이야,6,17426200,미가입,미사용
V2_457,겨울나무,215,17385540,미가입,미사용
V2_458,relation,57,17376200,미가입,미사용
V2_459,김영군,95,17365680,미가입,미사용
V2_460,민쿠니,688,17346080,미가입,사용
V2_461,크롤러,374,17263040,미가입,미사용
V2_462,sun웹개발자,1184,17201740,미가입,사용
V2_463,도화지색연필,84,17184350,미가입,미사용
V2_464,러그포터,301,17141340,미가입,미사용
V2_465,포캠퍼,17,17046000,미가입,미사용
V2_466,유지아이소프트,65,17022100,미가입,미사용
V2_467,딥아이랩,18,17008050,미가입,미사용
V2_468,내가묻고싶은거,280,16999300,미가입,미사용
V2_469,김성장,899,16980180,미가입,사용
V2_470,워드프레스정보꾸러미,148,16931680,미가입,미사용
V2_471,세이브애드,81,16929470,미가입,미사용
V2_472,에버브리즈,172,16917350,미가입,사용
V2_473,modoodesign,25,16867160,미가입,미사용
V2_474,임애니,936,16864910,미가입,사용
V2_475,넛지커뮤니케이션즈,33,16670400,미가입,미사용
V2_476,Ros통신,59,16663400,미가입,미사용
V2_477,Thekadang,143,16651450,미가입,미사용
V2_478,angelBoy,452,16627950,미가입,사용
V2_479,리눅스웨어,905,16623400,미가입,사용
V2_480,sony,185,16595840,미가입,미사용
V2_481,제이날다,289,16590920,미가입,사용
V2_482,굿제이슨,6,16544600,미가입,미사용
V2_483,어른곰,981,16511160,미가입,사용
V2_484,가이버박,268,16493920,미가입,미사용
V2_485,냥웅냥,417,16489820,미가입,사용
V2_486,NFT사냥꾼,24,16299400,미가입,미사용
V2_487,JinhanStudio,74,16161200,미가입,미사용
V2_488,지엠소프트,162,16155890,미가입,사용
V2_489,SBPLUS,49,16134800,미가입,미사용
V2_490,예노디자인,183,16100240,미가입,미사용
V2_491,아이티아라,276,16076100,미가입,미사용
V2_492,공명법사,332,16043760,미가입,미사용
V2_493,아빠가들려주는데이터시각화,306,15913470,미가입,미사용
V2_494,쓰임디자인,143,15899200,미가입,미사용
V2_495,게임메이커노아,580,15881000,미가입,사용
V2_496,악성코드전문가,292,15879380,미가입,사용
V2_497,STUDIOVIE,1326,15847495,미가입,사용
V2_498,키위캣,43,15782280,미가입,미사용
V2_499,부리부리,285,15778020,미가입,사용
V2_500,재택만가능합니다,769,15727820,미가입,사용
V2_501,데브디,15,15714200,미가입,미사용
V2_502,디버스,278,15713810,미가입,미사용
V2_503,365WEB,410,15684920,미가입,사용
V2_504,LazyMarketer,227,15682510,미가입,미사용
V2_505,Notbad,280,15625820,미가입,미사용
V2_506,JLFilms,6,15623600,미가입,미사용
V2_507,궁구미,414,15590900,미가입,사용
V2_508,데이터전재,340,15527055,미가입,사용
V2_509,olleh,1018,15405530,미가입,사용
V2_510,XTION,137,15403740,미가입,미사용
V2_511,WorldWiseWeb,1185,15395530,미가입,사용
V2_512,kapdolli,59,15357080,미가입,미사용
V2_513,Kduks,800,15279390,미가입,사용
V2_514,devDaniel,688,15194580,미가입,사용
V2_515,SmlieDeveloper,30,15162400,미가입,미사용
V2_516,gaehoonhada,267,15084200,미가입,미사용
V2_517,플랫폼플러그,7,15084200,미가입,미사용
V2_518,허당도사,20,15074200,미가입,미사용
V2_519,JFlex,143,15042600,미가입,미사용
V2_520,레딧스튜디오,3,15037200,미가입,미사용
V2_521,더리얼원,1,15020400,미가입,미사용
V2_522,비즈니스랑외국어랑,47,15020060,미가입,미사용
V2_523,HTMLNO5,129,15013280,미가입,미사용
V2_524,deepeloper,262,14941500,미가입,미사용
V2_525,풀소리,20,14877400,미가입,미사용
V2_526,JACKSEO,38,14772400,미가입,미사용
V2_527,아리아리밑,504,14737440,미가입,사용
V2_528,helppurpleK9,751,14734420,미가입,사용
V2_529,개발자j,441,14730630,미가입,사용
V2_530,TM미루,47,14727200,미가입,미사용
V2_531,IZLOTTO,148,14667200,미가입,미사용
V2_532,hansoll,148,14628200,미가입,미사용
V2_533,토리토시스템,348,14604080,미가입,사용
V2_534,Play,849,14554640,미가입,사용
V2_535,이종민AI,27,14426840,미가입,미사용
V2_536,모자이크맨,203,14421000,미가입,사용
V2_537,Linux,937,14420300,미가입,사용
V2_538,RCPC,267,14415320,미가입,미사용
V2_539,냉면킬러,562,14371860,미가입,사용
V2_540,디자인숲홈페이지제작,11,14363000,미가입,미사용
V2_541,RobertKim,93,14339400,미가입,미사용
V2_542,내것처럼개발,46,14301800,미가입,미사용
V2_543,NFT제작인,29,14276350,미가입,미사용
V2_544,엔마케팅,908,14212300,미가입,사용
V2_545,윤푸,818,14111050,미가입,사용
V2_546,대전남자,407,13996740,미가입,사용
V2_547,RoR,130,13958630,미가입,미사용
V2_548,분양형홈페이지쇼핑몰솔루션,5,13921600,미가입,미사용
V2_549,잡다한코딩,814,13886170,미가입,사용
V2_550,동타니안,34,13783200,미가입,미사용
V2_551,맹디자인,27,13755040,미가입,미사용
V2_552,바른컴퍼니,30,13724160,미가입,미사용
V2_553,branch,9,13555400,미가입,미사용
V2_554,디닷,41,13514850,미가입,미사용
V2_555,엑셀마왕,704,13514260,미가입,사용
V2_556,황금미디어,33,13509000,미가입,미사용
V2_557,Roomartist,45,13464100,미가입,미사용
V2_558,플러그인,34,13442800,미가입,미사용
V2_559,블랭크아이디어,30,13402800,미가입,미사용
V2_560,AAAAAA,662,13343020,미가입,사용
V2_561,DKHOON,29,13328400,미가입,미사용
V2_562,하찌,661,13311270,미가입,사용
V2_563,CodeBro,646,13278320,미가입,사용
V2_564,디티,20,13272680,미가입,미사용
V2_565,야미웹,432,13194420,미가입,사용
V2_566,시즈더웹,217,13170900,미가입,미사용
V2_567,해솔웹,110,13155180,미가입,미사용
V2_568,싱초이스,936,13111440,미가입,사용
V2_569,착한개발자,26,13098800,미가입,미사용
V2_570,kargan,13,13060800,미가입,미사용
V2_571,오Design,603,13025060,미가입,사용
V2_572,1pxstudio,1011,13019880,미가입,사용
V2_573,개발자김명준,535,12953780,미가입,사용
V2_574,오광,122,12913550,미가입,미사용
V2_575,KingWasabi,18,12879200,미가입,미사용
V2_576,디테일J,49,12850200,미가입,미사용
V2_577,PETORI,61,12834000,미가입,미사용
V2_578,yydevteam,226,12801900,미가입,미사용
V2_579,디자인스튜디오래스,17,12799900,미가입,미사용
V2_580,CellPro,229,12779490,미가입,미사용
V2_581,둔덕이,346,12704120,미가입,사용
V2_582,디케터,69,12688740,미가입,미사용
V2_583,자동화마스터,218,12630360,미가입,미사용
V2_584,이태그,191,12596320,미가입,미사용
V2_585,teras,41,12562800,미가입,미사용
V2_586,엑셀턴트,216,12498340,미가입,미사용
V2_587,PREITY,22,12495600,미가입,미사용
V2_588,머니트리,122,12487520,미가입,미사용
V2_589,신비웹,16,12468400,미가입,미사용
V2_590,웹핏,38,12409400,미가입,미사용
V2_591,pgkwon1,841,12347460,미가입,사용
V2_592,디벨디벨,119,12342280,미가입,미사용
V2_593,준벨로퍼JunVeloper,187,12317280,미가입,미사용
V2_594,워크맨24,354,12281200,미가입,미사용
V2_595,컴공ㅡ김지유,24,12235280,미가입,미사용
V2_596,용디자이너,25,12180620,미가입,미사용
V2_597,이즈Circuit,202,12175120,미가입,사용
V2_598,조인피플,13,12172300,미가입,미사용
V2_599,라이프레이서,38,12072200,미가입,미사용
V2_600,하이브리드앱제작,4,12058200,미가입,미사용
V2_601,Peridot,30,12013000,미가입,미사용
V2_602,한땀두땀,209,12009420,미가입,미사용
V2_603,슬로우먼데이,137,11952360,미가입,미사용
V2_604,언어공작소,661,11942425,미가입,사용
V2_605,Aru,271,11896280,미가입,미사용
V2_606,타고난용기,159,11894540,미가입,사용
V2_607,웹메이르,25,11890600,미가입,미사용
V2_608,5살차이,23,11879800,미가입,미사용
V2_609,에우선생,194,11867160,미가입,미사용
V2_610,여성창업컨설턴트,12,11814000,미가입,미사용
V2_611,PublisherEun,300,11798500,미가입,미사용
V2_612,포비디웍스,29,11789300,미가입,미사용
V2_613,Luvdduk,111,11770400,미가입,미사용
V2_614,노마드덕,35,11769200,미가입,미사용
V2_615,엔에스텍,38,11753200,미가입,미사용
V2_616,웹코기,327,11721020,미가입,미사용
V2_617,웃는남자,38,11681800,미가입,미사용
V2_618,킴양지,15,11676200,미가입,미사용
V2_619,DA블루,485,11668500,미가입,사용
V2_620,eternalsoft,97,11664060,미가입,미사용
V2_621,홈피나라,12,11654600,미가입,미사용
V2_622,ESN엑셀을사랑하는남자,210,11626780,미가입,미사용
V2_623,임베디드웹백엔드연동짱,14,11544000,미가입,미사용
V2_624,전세영,109,11507200,미가입,미사용
V2_625,SanghoonLee72,99,11495800,미가입,미사용
V2_626,JCSOFT,110,11474400,미가입,미사용
V2_627,mok348,208,11460460,미가입,미사용
V2_628,구글광고나야나나야나나야나나야나,55,11433800,미가입,미사용
V2_629,JAVASCRIPT,28,11386900,미가입,미사용
V2_630,IANTVS,115,11341100,미가입,미사용
V2_631,검도수학,145,11329800,미가입,미사용
V2_632,Markism,251,11324860,미가입,미사용
V2_633,비즈니스부스팅,9,11213600,미가입,미사용
V2_634,ExcelGo,282,11173000,미가입,미사용
V2_635,더본소프트,58,11141080,미가입,미사용
V2_636,오마이스토어,72,11140000,미가입,미사용
V2_637,나비아빠,43,11103000,미가입,미사용
V2_638,피오디존,197,11080490,미가입,미사용
V2_639,TNIX,122,11063100,미가입,미사용
V2_640,짱고,187,11063040,미가입,미사용
V2_641,웹개발자입니다,68,11051260,미가입,미사용
V2_642,태태TaeTae,11,11025200,미가입,미사용
V2_643,김썬,10,11023100,미가입,미사용
V2_644,LambdaSim,253,11016220,미가입,미사용
V2_645,gaegun,105,10997800,미가입,사용
V2_646,DoorOfWeb,30,10991000,미가입,미사용
V2_647,소울그램,10,10991000,미가입,미사용
V2_648,코드몬스터,198,10981320,미가입,사용
V2_649,scriptor,192,10961360,미가입,미사용
V2_650,여주태,42,10954000,미가입,미사용
V2_651,dlalscjf94,296,10936320,미가입,사용
V2_652,saint6839,21,10929000,미가입,미사용
V2_653,ZEPETO,28,10890250,미가입,미사용
V2_654,DesignVIEW,94,10869000,미가입,미사용
V2_655,무스,205,10835210,미가입,미사용
V2_656,끈질긴사과1071,258,10780640,미가입,미사용
V2_657,라곰,904,10771270,미가입,사용
V2_658,긁적,471,10679580,미가입,사용
V2_659,닥터KO,13,10677900,미가입,미사용
V2_660,플랫폼개발전문메테오스튜디오,4,10646800,미가입,미사용
V2_661,심프로,184,10640720,미가입,미사용
V2_662,팀리얼리,6,10631800,미가입,미사용
V2_663,BlueCitron,52,10625480,미가입,사용
V2_664,집중하는촙,377,10621910,미가입,미사용
V2_665,해줌랩,175,10615500,미가입,사용
V2_666,다돌,8,10597000,미가입,사용
V2_667,평범한놈,92,10585530,미가입,미사용
V2_668,디자인헨리,7,10572600,미가입,미사용
V2_669,Jelry,411,10558110,미가입,사용
V2_670,JSDEV,181,10449080,미가입,미사용
V2_671,Leo25,67,10429800,미가입,미사용
V2_672,아람인,42,10408480,미가입,미사용
V2_673,설레밤,318,10404600,미가입,미사용
V2_674,프리덤,56,10379600,미가입,미사용
V2_675,그룹오브크리에이티브피플,7,10343200,미가입,미사용
V2_676,수정수3,141,10341600,미가입,미사용
V2_677,코어에스앤씨,565,10263340,미가입,사용
V2_678,FAITHERIZM,35,10233660,미가입,미사용
V2_679,라온애즈,571,10174420,미가입,사용
V2_680,개발자김유리,10,10152000,미가입,미사용
V2_681,하디HADE,284,10130550,미가입,사용
V2_682,감미로운아도니스4063,512,10130390,미가입,사용
V2_683,원후민,48,10119920,미가입,미사용
V2_684,크롱크롱3001,61,10069800,미가입,미사용
V2_685,Excelerated데이터솔루션,525,10057640,미가입,사용
V2_686,GanziMan,737,10040880,미가입,사용
V2_687,ZIPLE,2,10031600,미가입,미사용
V2_688,FeedMina,4,10017000,미가입,미사용
V2_689,TundraDev,2,10004400,미가입,미사용
V2_690,AIbeom,92,9969300,미가입,미사용
V2_691,묭쓰작업실,517,9957320,미가입,사용
V2_692,KOMAT,98,9944200,미가입,미사용
V2_693,PWA플러터,18,9938000,미가입,미사용
V2_694,swing,5,9938000,미가입,미사용
V2_695,14소프트,116,9893180,미가입,미사용
V2_696,그린티라떼좋아,225,9816800,미가입,미사용
V2_697,아침에자몽,171,9810940,미가입,사용
V2_698,노드마더,114,9770400,미가입,사용
V2_699,bynullyLAB,398,9753360,미가입,미사용
V2_700,코딩하는룡룡이,637,9745090,미가입,사용
V2_701,모두의개발자1,32,9737200,미가입,미사용
V2_702,제디,593,9733860,미가입,사용
V2_703,어반코드,8,9719980,미가입,미사용
V2_704,네모탈출,16,9713200,미가입,미사용
V2_705,Deaube,16,9658000,미가입,미사용
V2_706,스마트웨스트,87,9652380,미가입,미사용
V2_707,goun,142,9599120,미가입,미사용
V2_708,포렉스리가,17,9567300,미가입,미사용
V2_709,진코딩머신,88,9485100,미가입,미사용
V2_710,드루와,150,9469540,미가입,미사용
V2_711,DevManagerDan,50,9402300,미가입,미사용
V2_712,율동,803,9372730,미가입,사용
V2_713,디옹,743,9370380,미가입,사용
V2_714,한국경영데이터,30,9368400,미가입,미사용
V2_715,홈페이지제작디플랜,21,9355000,미가입,미사용
V2_716,잔다,218,9347900,미가입,미사용
V2_717,922km,807,9343250,미가입,사용
V2_718,JJWEB,100,9323720,미가입,미사용
V2_719,이쎈스,421,9295200,미가입,사용
V2_720,테라픽셀스튜디오,96,9255020,미가입,미사용
V2_721,AutomationKim,252,9198020,미가입,미사용
V2_722,혜콩이,482,9189360,미가입,사용
V2_723,쿨파스,74,9187800,미가입,미사용
V2_724,데이비드션,68,9169180,미가입,미사용
V2_725,tgDeveloper,30,9156800,미가입,미사용
V2_726,PlannerHyun,9,9154200,미가입,미사용
V2_727,라포비,36,9119000,미가입,미사용
V2_728,캬라멜스무디,545,9097420,미가입,사용
V2_729,노코드개발자,18,9048800,미가입,미사용
V2_730,ninox,3,9046000,미가입,미사용
V2_731,사다새,35,9039720,미가입,미사용
V2_732,아다마소프트,9,9034200,미가입,미사용
V2_733,모과이,85,9014560,미가입,미사용
V2_734,Goaway007,504,9006860,미가입,사용
V2_735,greatyun,3,9000000,가입,미사용
V2_736,greydoll,446,8999530,가입,사용
V2_737,여유로운공작새,43,8992280,가입,미사용
V2_738,빵천리서치,95,8970630,가입,미사용
V2_739,CARRYIT,71,8968120,가입,미사용
V2_740,대일김,101,8861720,가입,미사용
V2_741,디노마필,29,8857400,가입,미사용
V2_742,오토프로메이커,228,8852200,가입,미사용
V2_743,개발자필립,31,8827400,가입,미사용
V2_744,꿀덩이,787,8819460,가입,사용
V2_745,모바일UXUI컨설팅,4,8810200,가입,미사용
V2_746,SQL따라하기,244,8750600,가입,사용
V2_747,똘똘말잉,138,8745950,가입,미사용
V2_748,알바몽,445,8713180,가입,사용
V2_749,썸네일아트,330,8651460,가입,미사용
V2_750,프롬마스,307,8635760,가입,미사용
V2_751,김개발,17,8578400,미가입,미사용
V2_752,웹어벤져스,3,8565400,미가입,미사용
V2_753,노던크로스,24,8476500,미가입,사용
V2_754,디코드,171,8460860,미가입,사용
V2_755,빅데이터분석가,404,8460120,미가입,미사용
V2_756,jwill,275,8453300,미가입,미사용
V2_757,ejstudioK9,231,8437420,미가입,미사용
V2_758,데분데분,81,8419820,미가입,미사용
V2_759,불기자심,53,8390900,미가입,사용
V2_760,슈퍼공학자,435,8376450,미가입,사용
V2_761,미니어스,654,8364060,미가입,사용
V2_762,알앤엘,149,8356720,미가입,미사용
V2_763,슈야,208,8347200,미가입,미사용
V2_764,개발자쌩쌩,507,8311950,미가입,사용
V2_765,앱공방,23,8301200,미가입,미사용
V2_766,ChanchanDev,52,8282650,미가입,사용
V2_767,윤병인,65,8255680,미가입,미사용
V2_768,K6089325181,145,8212160,미가입,미사용
V2_769,DIElectronics,32,8199400,미가입,미사용
V2_770,김꼼꼼,700,8198810,미가입,사용
V2_771,에잎이,490,8182150,미가입,사용
V2_772,엑셀vba자동화,693,8177400,미가입,사용
V2_773,HarryJang,18,8158000,미가입,미사용
V2_774,슈가큐브네트웍스,49,8149000,미가입,미사용
V2_775,주식회사팀올K9,22,8147600,미가입,미사용
V2_776,와이제이테크,8,8136200,미가입,미사용
V2_777,cube6,61,8095200,미가입,미사용
V2_778,알록달록한튤립965,556,8073690,미가입,사용
V2_779,유라ent,10,8046000,미가입,미사용
V2_780,크몽,8,8029800,미가입,미사용
V2_781,프로그래머,70,8027860,미가입,미사용
V2_782,지디,649,8024710,미가입,사용
V2_783,슬기로운사과,4,8023400,미가입,미사용
V2_784,TCMaker,38,8009800,미가입,미사용
V2_785,회사도움꾼,4,8003200,미가입,미사용
V2_786,주식회사비케이손익분기점,2,8002800,미가입,미사용
V2_787,터렛짓는다,471,8001510,미가입,사용
V2_788,블록체인엑스,2,8000000,미가입,미사용
V2_789,SICode,95,7975000,미가입,미사용
V2_790,SammyNZ,216,7933320,미가입,미사용
V2_791,초롱이네개발자,426,7931500,미가입,사용
V2_792,스맛팬더,426,7929320,미가입,사용
V2_793,GreenProject,111,7921480,미가입,미사용
V2_794,N잡러윤대디,215,7919620,미가입,미사용
V2_795,홍동동,72,7911080,미가입,미사용
V2_796,친한아는언니,10,7903200,미가입,미사용
V2_797,Cheeseburger,4,7866200,미가입,미사용
V2_798,트라이앵글랩,7,7842400,미가입,미사용
V2_799,만들남,29,7809000,미가입,미사용
V2_800,안드로이드정복,67,7801800,미가입,미사용
V2_801,7급임반장,34,7791700,미가입,미사용
V2_802,워드프레스제작,38,7758380,미가입,미사용
V2_803,소코아,302,7748580,미가입,미사용
V2_804,코딩하는유니콘,25,7740800,미가입,미사용
V2_805,Marsimon,73,7738150,미가입,미사용
V2_806,IT해피,35,7737440,미가입,미사용
V2_807,프로포폴,9,7728800,미가입,사용
V2_808,YiJH,454,7713530,미가입,사용
V2_809,김웅이,532,7688520,미가입,사용
V2_810,웹플레이스,13,7589800,미가입,미사용
V2_811,민초떠떠,331,7562720,미가입,미사용
V2_812,닷지,215,7536300,미가입,미사용
V2_813,Tabago,752,7528460,미가입,사용
V2_814,K8265268289,6,7517580,미가입,미사용
V2_815,AZDEV,140,7513600,미가입,미사용
V2_816,브랜비트,25,7503400,미가입,미사용
V2_817,webseller,17,7500880,미가입,미사용
V2_818,YooJoDesign,332,7439200,미가입,미사용
V2_819,IT인생20년,8,7430800,미가입,미사용
V2_820,피에스아이티,33,7412740,미가입,미사용
V2_821,베티베르,16,7316800,미가입,미사용
V2_822,twinsoul,36,7315800,미가입,미사용
V2_823,챌린정,24,7313600,미가입,미사용
V2_824,퓨처반응형,13,7299600,미가입,미사용
V2_825,젤리슬,138,7293360,미가입,미사용
V2_826,기획설계공방,6,7280000,미가입,미사용
V2_827,IT명탐정,48,7274000,미가입,미사용
V2_828,은코딩,63,7269340,미가입,미사용
V2_829,탑맨,19,7264300,미가입,미사용
V2_830,TeamBud,88,7253800,미가입,미사용
V2_831,위노잇,35,7251700,미가입,미사용
V2_832,PHILOSO,24,7215100,미가입,미사용
V2_833,텍스트마이닝장인ㅡ텍마장,221,7202800,미가입,사용
V2_834,웹개발최프로,252,7151970,미가입,미사용
V2_835,yant,10,7114000,미가입,미사용
V2_836,너디자인,72,7098100,미가입,미사용
V2_837,DarkBrowine,168,7097420,미가입,사용
V2_838,핏츠디자인,424,7076420,미가입,사용
V2_839,센스있는망붕이,148,7054080,미가입,미사용
V2_840,자동매매마스터,18,7037800,미가입,미사용
V2_841,퍼셔정,113,7019200,미가입,미사용
V2_842,전자회로의신,14,7002400,미가입,미사용
V2_843,자동화전문인,185,6974540,미가입,미사용
V2_844,카페24전문,547,6972060,미가입,사용
V2_845,성주컴퍼니,21,6967000,미가입,미사용
V2_846,즐PC,477,6907640,미가입,사용
V2_847,ExFl,116,6902240,미가입,미사용
V2_848,고독한회사원,122,6873500,미가입,미사용
V2_849,응탁,122,6818410,미가입,미사용
V2_850,C프로그램정성껏만듭니다,44,6814600,미가입,미사용
V2_851,동봄,595,6782210,미가입,사용
V2_852,호빵사세요,350,6779300,미가입,사용
V2_853,호랑이마케팅,83,6761520,미가입,미사용
V2_854,Ordis,187,6753580,미가입,미사용
V2_855,아요밍,504,6740520,미가입,사용
V2_856,이효성,76,6737840,미가입,미사용
V2_857,Josea,361,6708540,미가입,미사용
V2_858,KANU,13,6703040,미가입,미사용
V2_859,StyledBlockChain,43,6697680,미가입,미사용
V2_860,dhui,166,6690800,미가입,사용
V2_861,심심한아리엘,227,6552760,미가입,미사용
V2_862,CometProject,165,6549480,미가입,사용
V2_863,슬기로운수박6802,406,6545940,미가입,사용
V2_864,성실하고꼼꼼한개발자,292,6510670,미가입,사용
V2_865,market,253,6502240,미가입,미사용
V2_866,io,46,6478600,미가입,미사용
V2_867,뚜2,219,6477570,미가입,미사용
V2_868,개발의신,57,6468720,미가입,미사용
V2_869,franco657,90,6468300,미가입,미사용
V2_870,R파고Py파고,205,6467540,미가입,미사용
V2_871,천호인터내셔널,122,6425400,미가입,미사용
V2_872,DecentAI,26,6418550,미가입,미사용
V2_873,Seedweb,452,6381360,미가입,사용
V2_874,NAVIICo,60,6292600,미가입,미사용
V2_875,minet,105,6289760,미가입,사용
V2_876,영자닷컴,8,6243600,미가입,미사용
V2_877,보리밥쌀밥,195,6232230,미가입,미사용
V2_878,joopro,163,6224880,미가입,사용
V2_879,파워러닝,120,6224800,미가입,미사용
V2_880,남광우,98,6222640,미가입,미사용
V2_881,웹크리에이터,24,6220000,미가입,미사용
V2_882,문인,10,6183600,미가입,미사용
V2_883,SWMJ,193,6170500,미가입,미사용
V2_884,loben39028,276,6142900,미가입,미사용
V2_885,요니쪼Design,303,6140360,미가입,미사용
V2_886,퀴즈미,30,6130200,미가입,미사용
V2_887,웹에이블,19,6119700,미가입,미사용
V2_888,papig,608,6114850,미가입,사용
V2_889,유앤준,12,6092000,미가입,미사용
V2_890,큐블리셔,155,6091960,미가입,사용
V2_891,RealData,20,6080680,미가입,미사용
V2_892,projectMoon,12,6068400,미가입,미사용
V2_893,newhwan,268,6063200,미가입,미사용
V2_894,모두의컨텐츠,7,6046600,미가입,미사용
V2_895,라셀,6,6042200,미가입,미사용
V2_896,김단웹,274,6036100,미가입,미사용
V2_897,단정한눈보라,2,6008400,미가입,미사용
V2_898,키토로보틱스,158,6000360,미가입,사용
V2_899,규루리,466,6000140,미가입,사용
V2_900,지오GIO,149,5999780,미가입,미사용
V2_901,나인원랩스,18,5980000,미가입,미사용
V2_902,민돌E,176,5966280,미가입,미사용
V2_903,베하,19,5962600,미가입,미사용
V2_904,챈채니,172,5955275,미가입,사용
V2_905,문유정,64,5920140,미가입,미사용
V2_906,디옵트,11,5888800,미가입,미사용
V2_907,투하츠,20,5863510,미가입,미사용
V2_908,aboutblank,489,5863280,미가입,사용
V2_909,맑은가을비1748,18,5857800,미가입,미사용
V2_910,스튜디오몽드,98,5835580,미가입,미사용
V2_911,armenpo,39,5834300,미가입,미사용
V2_912,DESIGNPIE,35,5816940,미가입,미사용
V2_913,잡동사니아두이노,70,5796880,미가입,미사용
V2_914,폴리그랏프로그래머,91,5791000,미가입,미사용
V2_915,steveTK9,54,5788800,미가입,미사용
V2_916,KOCOA,19,5786400,미가입,미사용
V2_917,퍼블대디,173,5771620,미가입,사용
V2_918,YoPlaying,122,5735580,미가입,미사용
V2_919,618디자인,506,5734380,미가입,사용
V2_920,웹만하는대학생,228,5681800,미가입,미사용
V2_921,각종코딩삽니다,468,5674880,미가입,사용
V2_922,거북이문,11,5667200,미가입,미사용
V2_923,은일,54,5628600,미가입,미사용
V2_924,Lostar,94,5594680,미가입,미사용
V2_925,개발나라,11,5584980,미가입,미사용
V2_926,SpeedOptimizer,84,5572000,미가입,미사용
V2_927,바른퍼블리싱,315,5568600,미가입,미사용
V2_928,주식회사더블유엔피,21,5555200,미가입,미사용
V2_929,띤크,112,5550700,미가입,미사용
V2_930,Starcoding,109,5542720,미가입,미사용
V2_931,Junddao,123,5539300,미가입,미사용
V2_932,주식회사이더블케이,5,5535400,미가입,미사용
V2_933,하룹,10,5535200,미가입,미사용
V2_934,페이지짓는사람,16,5502400,미가입,미사용
V2_935,마케크로,171,5490700,미가입,사용
V2_936,낭만청년,49,5488480,미가입,미사용
V2_937,박기준,372,5488140,미가입,미사용
V2_938,POLARIS9048,21,5484400,미가입,미사용
V2_939,부동산투유,9,5484400,미가입,미사용
V2_940,웹개발윤서준,373,5456020,미가입,미사용
V2_941,Sosofun,25,5447040,미가입,미사용
V2_942,젠지숲,75,5435800,미가입,미사용
V2_943,JH퍼블리싱,207,5433220,미가입,미사용
V2_944,마슬링,347,5422980,미가입,사용
V2_945,천직개발자,27,5396400,미가입,미사용
V2_946,햄디,189,5382740,미가입,미사용
V2_947,헤윰인,29,5379800,미가입,미사용
V2_948,1STAT,306,5332240,미가입,미사용
V2_949,minigo,488,5319420,미가입,사용
V2_950,오키넷,44,5287600,미가입,미사용
V2_951,홈페이지아이디,11,5242600,미가입,미사용
V2_952,소금토스트,432,5230120,미가입,사용
V2_953,웹앱응용프로그램개발합니다,36,5213900,미가입,미사용
V2_954,랜딩페이지제작,50,5213400,미가입,미사용
V2_955,TeamBridge,17,5206000,미가입,미사용
V2_956,희인,284,5174530,미가입,미사용
V2_957,IN,48,5168660,미가입,미사용
V2_958,10xDeveloper,175,5163990,미가입,미사용
V2_959,르샤아,13,5160400,미가입,미사용
V2_960,THEBOMENET,1,5156400,미가입,미사용
V2_961,온앤오프,23,5148800,미가입,미사용
V2_962,어릿광대보릿고개,87,5144880,미가입,미사용
V2_963,크롤링학부생,303,5137340,미가입,미사용
V2_964,INKER,155,5114460,미가입,사용
V2_965,SeonJae,390,5082980,미가입,미사용
V2_966,메이트리,6,5073900,미가입,미사용
V2_967,스크롤링롤링롤링,415,5068200,미가입,사용
V2_968,DDAAC,386,5065160,미가입,미사용
V2_969,프리랜서모집,5,5053600,미가입,미사용
V2_970,부람쥐얼쑤,476,5051080,미가입,사용
V2_971,1D1Y,196,5037310,미가입,미사용
V2_972,스피드빌더,39,5031200,미가입,미사용
V2_973,OrdinaryDeveloper,1,5019600,미가입,미사용
V2_974,디바인,454,5017750,미가입,미사용
V2_975,Roverdyn,10,5014400,미가입,미사용
V2_976,THE QR,5,5008400,미가입,미사용
V2_977,헬스올,2,5000000,미가입,미사용
V2_978,웹메이커스,32,4991780,미가입,미사용
V2_979,PHP전문가Kayjem,111,4991400,미가입,미사용
V2_980,OZIZH,329,4975400,미가입,미사용
V2_981,수잡,104,4968500,미가입,미사용
V2_982,부트캠프마스터,85,4949000,미가입,미사용
V2_983,빈스마스,16,4911300,미가입,미사용
V2_984,TW,165,4896600,미가입,사용
V2_985,다이아나,84,4875880,미가입,미사용
V2_986,늘찬솔,6,4859800,미가입,미사용
V2_987,오리랜서,295,4841420,미가입,사용
V2_988,나우나우nownow,75,4828480,미가입,미사용
V2_989,뎃돌이,21,4827000,미가입,미사용
V2_990,부디,457,4800220,미가입,사용
V2_991,애드하우스,67,4795800,미가입,미사용
V2_992,최강개발자,23,4795600,미가입,미사용
V2_993,맥스토크,14,4758640,미가입,미사용
V2_994,WizDoM,216,4748400,미가입,미사용
V2_995,YoungWooJung,101,4716820,미가입,미사용
V2_996,OhSung,320,4714800,미가입,미사용
V2_997,민더긔,18,4710800,미가입,미사용
V2_998,유시그,13,4668600,미가입,미사용
V2_999,10년차웹개발자,160,4662120,미가입,사용
V2_1000,Leeselin,169,4652200,미가입,사용
V2_1001,나로스토리,66,4651240,미가입,미사용
V2_1002,YesDesignstudio,13,4648400,미가입,미사용
V2_1003,조강인,161,4639030,미가입,사용
V2_1004,엑셀포유,82,4600460,미가입,미사용
V2_1005,케세라세라,463,4545000,미가입,사용
V2_1006,동현98,40,4544400,미가입,미사용
V2_1007,김명준wNJJ6K9,214,4525000,미가입,미사용
V2_1008,logf1,402,4497380,미가입,미사용
V2_1009,Jong,132,4488200,미가입,미사용
V2_1010,엘미르,11,4444400,미가입,미사용
V2_1011,스탠다드아이,4,4440000,미가입,미사용
V2_1012,tuttle,5,4433400,미가입,미사용
V2_1013,NocodeWeb,5,4430800,미가입,미사용
V2_1014,REDBRIDGEDEV,27,4421480,미가입,미사용
V2_1015,원z,282,4413330,미가입,미사용
V2_1016,MAD,301,4409280,미가입,미사용
V2_1017,코데브주,34,4401400,미가입,미사용
V2_1018,gaedoo,83,4392430,미가입,미사용
V2_1019,이지컴아이앤씨,14,4355600,미가입,미사용
V2_1020,손커피,375,4348460,미가입,미사용
V2_1021,데이터복구센터,86,4324940,미가입,미사용
V2_1022,취미로서개발,412,4247880,미가입,사용
V2_1023,MBetterLife,14,4242300,미가입,미사용
V2_1024,권혁,12,4241400,미가입,미사용
V2_1025,바이럴맨,27,4234600,미가입,미사용
V2_1026,VBA엑셀,68,4228950,미가입,미사용
V2_1027,웹케이,8,4227200,미가입,미사용
V2_1028,푸바오,182,4227020,미가입,미사용
V2_1029,뉴소프트,258,4218720,미가입,미사용
V2_1030,inline,248,4210060,미가입,사용
V2_1031,서있는나무,37,4201600,미가입,미사용
V2_1032,Mr두,41,4147940,미가입,미사용
V2_1033,디자인핫쇼,77,4130800,미가입,미사용
V2_1034,KokoaWorld,88,4122860,미가입,미사용
V2_1035,잉차랩,72,4104560,미가입,미사용
V2_1036,자이언트큐,9,4101100,미가입,미사용
V2_1037,수제비1,82,4099400,미가입,미사용
V2_1038,웹케이스,10,4055000,미가입,미사용
V2_1039,celinebot,32,4048680,미가입,미사용
V2_1040,easyhwan,1,4030000,미가입,미사용
V2_1041,온새하,11,4027200,미가입,미사용
V2_1042,더볼트코퍼레이션,40,4024400,미가입,미사용
V2_1043,파랑등대,4,4020000,미가입,미사용
V2_1044,주식회사제이블럭,1,4005400,미가입,미사용
V2_1045,데브크리,8,4000000,미가입,미사용
V2_1046,우아한개발자,233,3951080,미가입,미사용
V2_1047,Kelly0120,52,3950200,미가입,사용
V2_1048,꿀벌레,60,3937200,미가입,미사용
V2_1049,소이웹,12,3929400,미가입,미사용
V2_1050,K460989803,107,3926650,미가입,미사용
V2_1051,프로그래밍고오수,280,3924780,미가입,미사용
V2_1052,온유한지혜,3,3924400,미가입,미사용
V2_1053,크롤링,144,3919540,미가입,미사용
V2_1054,알콩달콩살자,105,3906700,미가입,사용
V2_1055,어나더클래스,7,3872800,미가입,미사용
V2_1056,꿈이룸2022,129,3867160,미가입,미사용
V2_1057,결Gyeol,17,3816500,미가입,미사용
V2_1058,탄콩,12,3774000,미가입,미사용
V2_1059,Lilcob,12,3763000,미가입,미사용
V2_1060,엔지니어064,72,3741000,미가입,미사용
V2_1061,스튜디오잼,7,3738800,미가입,미사용
V2_1062,임효섭,42,3708460,미가입,미사용
V2_1063,Solana,5,3679200,미가입,미사용
V2_1064,entrophy,12,3665200,미가입,미사용
V2_1065,웹디자이너이원준,35,3641520,미가입,미사용
V2_1066,BTBONG,24,3634600,미가입,미사용
V2_1067,웹kyung,107,3633500,미가입,미사용
V2_1068,루트페이지,31,3629000,미가입,미사용
V2_1069,epsilondelta,8,3624400,미가입,미사용
V2_1070,밝은백조,3,3623200,미가입,미사용
V2_1071,YF컴퍼니,66,3602300,미가입,미사용
V2_1072,두잉잇,11,3598200,미가입,미사용
V2_1073,ddalgiyalove,89,3589200,미가입,미사용
V2_1074,누리오,33,3575100,미가입,미사용
V2_1075,pss,88,3572020,미가입,미사용
V2_1076,LEANTN,12,3565400,미가입,미사용
V2_1077,sbnn,22,3555400,미가입,미사용
V2_1078,judgejgjg,19,3539200,미가입,미사용
V2_1079,TheBrave,9,3539200,미가입,미사용
V2_1080,리스트업,7,3531800,미가입,미사용
V2_1081,How2Play,128,3528800,미가입,미사용
V2_1082,EROOD,15,3520000,미가입,미사용
V2_1083,준오네,215,3506860,미가입,미사용
V2_1084,쿠쿡이,22,3500200,미가입,미사용
V2_1085,농부가꿈이야,267,3494700,미가입,미사용
V2_1086,웹사이트전문스튜디오제크,22,3472600,미가입,미사용
V2_1087,엑셀아웃룩VBA,137,3470340,미가입,미사용
V2_1088,무선통신,26,3424000,미가입,미사용
V2_1089,윈도우프로그래머,37,3421200,미가입,미사용
V2_1090,TeamJJ,150,3421000,미가입,미사용
V2_1091,황코딩,8,3400000,미가입,미사용
V2_1092,김용환,143,3392200,미가입,미사용
V2_1093,thenoon,16,3391360,미가입,미사용
V2_1094,DocumentService,338,3376600,미가입,미사용
V2_1095,해외마케터,34,3370200,미가입,미사용
V2_1096,공돌이,62,3363000,미가입,미사용
V2_1097,산적때기,11,3361600,미가입,미사용
V2_1098,오토봇팩토리,221,3360780,미가입,사용
V2_1099,Taylormin,260,3360600,미가입,미사용
V2_1100,풀스택개발,59,3359400,미가입,미사용
V2_1101,개발자김팀장,129,3356600,미가입,미사용
V2_1102,제이든든,11,3338800,미가입,미사용
V2_1103,IS세팅,11,3337200,미가입,미사용
V2_1104,부자철,13,3336000,미가입,미사용
V2_1105,로저진,16,3335600,미가입,미사용
V2_1106,아이디어컨설턴트,11,3328400,미가입,미사용
V2_1107,리웹,32,3326120,미가입,미사용
V2_1108,이엘코드,14,3325340,미가입,미사용
V2_1109,모판,299,3324480,미가입,미사용
V2_1110,납땜하는고양이,1,3309400,미가입,미사용
V2_1111,Mailhoy,3,3308200,미가입,미사용
V2_1112,메타피아,3,3300000,미가입,미사용
V2_1113,DALYstudio,1,3300000,미가입,미사용
V2_1114,JNOLOGY,220,3299480,미가입,사용
V2_1115,유진벨라,215,3293420,미가입,미사용
V2_1116,비즈니스도우미,108,3291100,미가입,미사용
V2_1117,웹마스터77,8,3287800,미가입,미사용
V2_1118,피클웹,164,3283420,미가입,사용
V2_1119,DaruPub,91,3281200,미가입,미사용
V2_1120,코어먼트,100,3265480,미가입,미사용
V2_1121,적토끼,4,3225600,미가입,미사용
V2_1122,우르릉,93,3220040,미가입,미사용
V2_1123,고도몰5튜닝,218,3219240,미가입,미사용
V2_1124,키리츠레,55,3216600,미가입,미사용
V2_1125,MasterDev,200,3212560,미가입,사용
V2_1126,dlwlgur,231,3205080,미가입,미사용
V2_1127,수리디자인,4,3200000,미가입,미사용
V2_1128,하얀애드,346,3184510,미가입,사용
V2_1129,wook2coder,41,3139400,미가입,미사용
V2_1130,웅뱅반,90,3134500,미가입,미사용
V2_1131,DevLabs,3,3132800,미가입,미사용
V2_1132,검정머리간장,29,3116800,미가입,미사용
V2_1133,스카이넷SW,52,3103600,미가입,사용
V2_1134,로그캣,29,3100000,미가입,미사용
V2_1135,국가기관웹개발자,190,3096480,미가입,미사용
V2_1136,개발자김영준,6,3093400,미가입,미사용
V2_1137,꼭필요한사람,15,3088200,미가입,미사용
V2_1138,아틀란기획,2,3065800,미가입,미사용
V2_1139,아이티웹,6,3058000,미가입,미사용
V2_1140,황정욱,71,3047600,미가입,미사용
V2_1141,WhynotSB,4,3040100,미가입,미사용
V2_1142,똑똑한다섯1889,10,3039000,미가입,미사용
V2_1143,ExploitLab,29,3038000,미가입,미사용
V2_1144,원퓨처,7,3033670,미가입,미사용
V2_1145,K2635531503,15,3033600,미가입,미사용
V2_1146,엔엘씨브이알,3,3024800,미가입,미사용
V2_1147,앱기획자KYM,2,3020000,미가입,미사용
V2_1148,YMin,35,3012560,미가입,미사용
V2_1149,INTECHSOFT,3,3008980,미가입,미사용
V2_1150,카인1,148,3008720,미가입,미사용
V2_1151,기분좋은흥을만드는얼쑤팩토리,1,3006400,미가입,미사용
V2_1152,등푸른해결사1826,1,3004200,미가입,미사용
V2_1153,CYLJK,219,2991200,미가입,사용
V2_1154,렛츠파티,61,2988600,미가입,미사용
V2_1155,푸른나비393,213,2987600,가입,미사용
V2_1156,katejeon,6,2983200,가입,미사용
V2_1157,매콤한별2565,101,2979620,가입,미사용
V2_1158,웨브,11,2976000,가입,미사용
V2_1159,sandmartin,162,2975720,가입,사용
V2_1160,영상공장사막백곰,3,2970000,가입,미사용
V2_1161,CodeSomnia,27,2969600,가입,미사용
V2_1162,상하이빵즈,85,2945100,가입,미사용
V2_1163,매콤달콤한영웅,221,2917400,가입,사용
V2_1164,로신코리아,19,2901600,가입,미사용
V2_1165,pyt2020,105,2895260,가입,사용
V2_1166,뷰문,15,2875200,가입,미사용
V2_1167,무역전문가,265,2864700,가입,미사용
V2_1168,미츠하시,197,2863140,가입,미사용
V2_1169,다다애드,5,2862400,가입,미사용
V2_1170,커먼코딩,2,2860000,가입,미사용
V2_1171,코딩하는펭귄,251,2858840,가입,사용
V2_1172,sicse,36,2855680,가입,미사용
V2_1173,댕댕커머스,48,2848600,가입,미사용
V2_1174,홈페이지쇼핑몰장인,12,2847800,가입,미사용
V2_1175,Atlas,139,2826790,가입,미사용
V2_1176,웹디자이너김영우,206,2823760,가입,미사용
V2_1177,천국맨,5,2819200,가입,미사용
V2_1178,ehjang,173,2816080,미가입,사용
V2_1179,잘하고싶은이과장,11,2811200,미가입,미사용
V2_1180,위티스튜디오,26,2798780,미가입,미사용
V2_1181,깽깽이발,84,2791920,미가입,미사용
V2_1182,gplash,9,2786800,미가입,미사용
V2_1183,1인개발자,138,2781500,미가입,미사용
V2_1184,XNet,46,2768580,미가입,미사용
V2_1185,개발하고싶어요,9,2766600,미가입,미사용
V2_1186,spss,44,2760000,미가입,미사용
V2_1187,에밀리1203,8,2755600,미가입,미사용
V2_1188,라쿠스테,33,2733600,미가입,미사용
V2_1189,MOCAPOT,9,2728600,미가입,미사용
V2_1190,Squarexit,22,2725800,미가입,미사용
V2_1191,먹또넴,83,2717900,미가입,미사용
V2_1192,비디치,20,2697600,미가입,미사용
V2_1193,worldiz,8,2692600,미가입,미사용
V2_1194,욱스욱스욱스,3,2683800,미가입,미사용
V2_1195,니뇨,188,2671100,미가입,미사용
V2_1196,시스템관리자,102,2670520,미가입,미사용
V2_1197,Planing,11,2654980,미가입,미사용
V2_1198,고도몰5튜닝패치,225,2652300,미가입,미사용
V2_1199,HJprogram,5,2651600,미가입,미사용
V2_1200,디자인포엔,6,2640000,미가입,미사용
V2_1201,디자인무,23,2633700,미가입,미사용
V2_1202,Veritasomnia,24,2608400,미가입,미사용
V2_1203,sallyP,59,2603690,미가입,미사용
V2_1204,ShueArt,4,2600000,미가입,미사용
V2_1205,기관총엑셀,23,2599800,미가입,미사용
V2_1206,사이후이,11,2597140,미가입,미사용
V2_1207,NLogic,47,2596900,미가입,미사용
V2_1208,DrD,25,2588640,미가입,미사용
V2_1209,자연그대로,47,2588400,미가입,미사용
V2_1210,푸카,24,2588000,미가입,미사용
V2_1211,성숙한씬스틸러2993,5,2554260,미가입,미사용
V2_1212,스테퍼스,25,2540400,미가입,미사용
V2_1213,개발자에스더,139,2533900,미가입,미사용
V2_1214,그럴듯한웹에이전시,10,2532400,미가입,미사용
V2_1215,EEEEEZINO,5,2515600,미가입,미사용
V2_1216,목장,39,2511440,미가입,미사용
V2_1217,pgmt,118,2510980,미가입,미사용
V2_1218,martino,112,2505400,미가입,미사용
V2_1219,모두리닷컴,34,2502520,미가입,미사용
V2_1220,하이어시스템,57,2501000,미가입,미사용
V2_1221,맥베이스,48,2496800,미가입,미사용
V2_1222,초롱이89,8,2488200,미가입,미사용
V2_1223,또동,6,2479400,미가입,미사용
V2_1224,스몰아이즈,57,2463200,미가입,미사용
V2_1225,에드스튜디오,12,2462000,미가입,미사용
V2_1226,DeveloperWilson,89,2455800,미가입,미사용
V2_1227,더트레이더,2,2440400,미가입,미사용
V2_1228,ckhan,44,2437100,미가입,미사용
V2_1229,isakDev,61,2433000,미가입,미사용
V2_1230,G2P2,153,2432860,미가입,사용
V2_1231,아티브,61,2418920,미가입,미사용
V2_1232,Z스타9224,8,2416800,미가입,미사용
V2_1233,Ryugi62,137,2414080,미가입,미사용
V2_1234,멋있는비버4601,46,2404000,미가입,미사용
V2_1235,러쎌,83,2392160,미가입,미사용
V2_1236,안드개발좋아,97,2384760,미가입,미사용
V2_1237,웨버개발자,6,2380000,미가입,미사용
V2_1238,릴로플레이,7,2372800,미가입,미사용
V2_1239,모먼트노트,15,2372400,미가입,미사용
V2_1240,candlelight,38,2358980,미가입,미사용
V2_1241,웹디자이너역행자미솔,7,2348400,미가입,미사용
V2_1242,성실한고양이1,9,2333000,미가입,미사용
V2_1243,웁쓰마케팅,37,2328720,미가입,미사용
V2_1244,인공지능데이터전문,5,2323600,미가입,미사용
V2_1245,국민나쵸,103,2312550,미가입,미사용
V2_1246,TAOLAB,26,2300200,미가입,미사용
V2_1247,시안9012,233,2299740,미가입,미사용
V2_1248,chae96,20,2295800,미가입,미사용
V2_1249,내꺼처럼개발,131,2277600,미가입,미사용
V2_1250,업무자동화세상,40,2275700,미가입,미사용
V2_1251,kimdragon50,19,2274300,미가입,미사용
V2_1252,MaxMan,14,2268800,미가입,미사용
V2_1253,고모르,147,2267000,미가입,미사용
V2_1254,LeeJinKyu,21,2266600,미가입,미사용
V2_1255,디바인코딩,140,2254300,미가입,미사용
V2_1256,WEBSIO,11,2246400,미가입,미사용
V2_1257,고투개발,46,2239900,미가입,미사용
V2_1258,데브에듀,14,2231200,미가입,미사용
V2_1259,PersonaLab,4,2228200,미가입,미사용
V2_1260,퍼블제이,64,2224980,미가입,미사용
V2_1261,360Soft,8,2211000,미가입,미사용
V2_1262,욱코딩,100,2208560,미가입,미사용
V2_1263,노코드햄스터,74,2203700,미가입,미사용
V2_1264,백해규,7,2153520,미가입,미사용
V2_1265,디제이솔루션,69,2149200,미가입,미사용
V2_1266,DY컴퍼니,12,2147200,미가입,미사용
V2_1267,특별한거북9485,135,2142200,미가입,미사용
V2_1268,해줘봐봐,143,2135500,미가입,미사용
V2_1269,관대한계란8025,4,2127400,미가입,미사용
V2_1270,황계순,15,2118620,미가입,미사용
V2_1271,stathelper,58,2117600,미가입,미사용
V2_1272,민세,38,2086500,미가입,미사용
V2_1273,에버앤와이,9,2085200,미가입,미사용
V2_1274,안알아,57,2077000,미가입,미사용
V2_1275,nftprime,19,2073400,미가입,미사용
V2_1276,꼼꼼한훈이,202,2071860,미가입,사용
V2_1277,Creative_Area,8,2065620,미가입,미사용
V2_1278,케이론,18,2040100,미가입,미사용
V2_1279,한센,19,2037500,미가입,미사용
V2_1280,윤컴퍼니,34,2026000,미가입,미사용
V2_1281,너그러운갈매기9060,4,2025600,미가입,미사용
V2_1282,FREER,8,2020000,미가입,미사용
V2_1283,금도끼,8,2014600,미가입,미사용
V2_1284,씨레벨,2,2014400,미가입,미사용
V2_1285,시각화마스터,4,2006600,미가입,미사용
V2_1286,오드디자인,11,2002800,미가입,미사용
V2_1287,유니티쳐,1,2000000,미가입,미사용
V2_1288,라벤투르,114,1994180,미가입,사용
V2_1289,곽영진,104,1991800,미가입,사용
V2_1290,프론트전문,4,1991600,미가입,미사용
V2_1291,KLab,114,1986640,미가입,사용
V2_1292,산호세소프트,112,1980680,미가입,미사용
V2_1293,나니나니,155,1978420,미가입,사용
V2_1294,땅콩냥냥,111,1977400,미가입,미사용
V2_1295,제스엔,116,1975000,미가입,미사용
V2_1296,brandmate,129,1951600,미가입,미사용
V2_1297,엑돌이,137,1951060,미가입,미사용
V2_1298,수줍은아저씨3301,33,1950300,미가입,미사용
V2_1299,돼지엄마,50,1947400,미가입,미사용
V2_1300,Kimdoyeon,39,1937550,미가입,미사용
V2_1301,WADESTUDIO,60,1927920,미가입,미사용
V2_1302,데이터소싱전문,10,1920600,미가입,미사용
V2_1303,피알홈페이지,11,1919480,미가입,미사용
V2_1304,개발자후니,175,1905640,미가입,미사용
V2_1305,스토리튜브,38,1904000,미가입,미사용
V2_1306,WithNet마케팅,30,1899300,미가입,미사용
V2_1307,울터개발팀,15,1898400,미가입,미사용
V2_1308,swanD,10,1895000,미가입,미사용
V2_1309,나무랑,71,1887800,미가입,미사용
V2_1310,hyunjun87,114,1884780,미가입,사용
V2_1311,WIXload,153,1879100,미가입,미사용
V2_1312,Studioone,33,1878600,미가입,미사용
V2_1313,김그래,123,1876600,미가입,미사용
V2_1314,루나씨0216,23,1870400,미가입,미사용
V2_1315,끈질긴영웅779,10,1864400,미가입,미사용
V2_1316,PJW48,32,1859800,미가입,미사용
V2_1317,RealEstateArtist,40,1858000,미가입,미사용
V2_1318,잡IT,102,1851280,미가입,미사용
V2_1319,용용기획,18,1830200,미가입,미사용
V2_1320,승원군,4,1829200,미가입,미사용
V2_1321,Payload,31,1812600,미가입,미사용
V2_1322,빈프로젝트,14,1808800,미가입,미사용
V2_1323,슈로디디자인,4,1805200,미가입,미사용
V2_1324,장기사,161,1805120,미가입,사용
V2_1325,안단테연구소,6,1800000,미가입,미사용
V2_1326,그리워,124,1798420,미가입,미사용
V2_1327,12년차데브옵스,43,1796360,미가입,미사용
V2_1328,주식회사샐러드컴퍼니,18,1793360,미가입,미사용
V2_1329,다소프트마케터,7,1793000,미가입,미사용
V2_1330,챠미트,13,1790420,미가입,미사용
V2_1331,dev써니,45,1788500,미가입,미사용
V2_1332,디앤디DesignDevelop,4,1786000,미가입,미사용
V2_1333,웹마스터도구,14,1767000,미가입,미사용
V2_1334,콜라도둑춘배,32,1755480,미가입,미사용
V2_1335,헝그리코더,67,1736000,미가입,미사용
V2_1336,해피투게더,31,1731500,미가입,미사용
V2_1337,창문,90,1725960,미가입,미사용
V2_1338,우주정복자,109,1725320,미가입,미사용
V2_1339,재노팸,17,1723810,미가입,미사용
V2_1340,EDOC,154,1721360,미가입,사용
V2_1341,DevIn,48,1721000,미가입,미사용
V2_1342,서로공작소,11,1715000,미가입,미사용
V2_1343,함께나무,172,1711500,미가입,사용
V2_1344,arduino,18,1708400,미가입,미사용
V2_1345,모건의iOS,45,1708000,미가입,미사용
V2_1346,실시간주문처리,167,1707800,미가입,사용
V2_1347,디자인20,137,1703740,미가입,미사용
V2_1348,Flrea,9,1703200,미가입,미사용
V2_1349,스트레스푼,5,1701600,미가입,미사용
V2_1350,devhell,16,1697400,미가입,미사용
V2_1351,웹디자인전문드멜스튜디오,3,1693200,미가입,미사용
V2_1352,진메이커,95,1692200,미가입,미사용
V2_1353,널위한잔소리,61,1679600,미가입,미사용
V2_1354,qwer522,62,1677580,미가입,미사용
V2_1355,elecbug,106,1672520,미가입,미사용
V2_1356,애드크런치,1,1670000,미가입,미사용
V2_1357,CarpDm,6,1667200,미가입,미사용
V2_1358,서태준,32,1666600,미가입,미사용
V2_1359,JadeComm,41,1666300,미가입,미사용
V2_1360,웹에이전시메이크웨이,1,1660600,미가입,미사용
V2_1361,Chodesigner,31,1652200,미가입,미사용
V2_1362,피씨클리닉,102,1651420,미가입,미사용
V2_1363,미래코드,14,1650200,미가입,미사용
V2_1364,db퍼블,66,1642000,미가입,미사용
V2_1365,HandMade,5,1639600,미가입,미사용
V2_1366,엘유아이,8,1635800,미가입,미사용
V2_1367,아폴로전자BNK3R,28,1633000,미가입,미사용
V2_1368,lovleyOn,102,1628800,미가입,미사용
V2_1369,퍼스트몽키즈,51,1625800,미가입,미사용
V2_1370,카힐,140,1619820,미가입,미사용
V2_1371,누생누영,106,1617800,미가입,미사용
V2_1372,성실한아이,132,1606300,미가입,미사용
V2_1373,가가몰,4,1592800,미가입,미사용
V2_1374,지닷크리에이티브,163,1592240,미가입,사용
V2_1375,이지데일리,76,1589800,미가입,미사용
V2_1376,개발자Atree,45,1583800,미가입,미사용
V2_1377,LEEDOX,68,1577800,미가입,미사용
V2_1378,Graham,131,1576820,미가입,미사용
V2_1379,나도프로그래머,1,1570000,미가입,미사용
V2_1380,알버트코치,15,1569000,미가입,미사용
V2_1381,디자인쁨,12,1564600,미가입,미사용
V2_1382,DataScientist,11,1552700,미가입,미사용
V2_1383,마케팅기초잡기,6,1541200,미가입,미사용
V2_1384,창창한달맞이꽃6127,5,1538400,미가입,미사용
V2_1385,luikim,52,1538200,미가입,사용
V2_1386,skillful,5,1535600,미가입,미사용
V2_1387,IAMTRY,3,1531400,미가입,미사용
V2_1388,도티,59,1530240,미가입,미사용
V2_1389,까리한조로,75,1526580,미가입,미사용
V2_1390,에이스파이브,21,1524600,미가입,미사용
V2_1391,jaejinu,141,1524200,미가입,미사용
V2_1392,컬러스개발,1,1519400,미가입,미사용
V2_1393,한번해봐요,1,1516400,미가입,미사용
V2_1394,평화로운냉면3501,23,1514600,미가입,미사용
V2_1395,패드로,1,1500000,미가입,미사용
V2_1396,맥포머스,58,1486000,미가입,미사용
V2_1397,백지민,21,1475300,미가입,미사용
V2_1398,Designjjang,41,1473480,미가입,미사용
V2_1399,안드로이드씨샵개발자,14,1469100,미가입,미사용
V2_1400,itmason1,24,1468000,미가입,미사용
V2_1401,CodeJay,17,1466000,미가입,미사용
V2_1402,개성있는방학1276,23,1465620,미가입,미사용
V2_1403,아이티맥스,18,1463200,미가입,미사용
V2_1404,지룡자,41,1461400,미가입,미사용
V2_1405,PHP맨,104,1461020,미가입,사용
V2_1406,신범,6,1460600,미가입,미사용
V2_1407,몬드라라,7,1448920,미가입,미사용
V2_1408,거대한개미5587,84,1441380,미가입,미사용
V2_1409,SQL Server DBA,121,1440740,미가입,미사용
V2_1410,마루코,14,1440000,미가입,미사용
V2_1411,아도기획,2,1435800,미가입,미사용
V2_1412,곰이사,25,1435600,미가입,미사용
V2_1413,코랜디자인,13,1433600,미가입,미사용
V2_1414,프론트퍼블,76,1429000,미가입,미사용
V2_1415,WookJae,71,1428040,미가입,미사용
V2_1416,mossi,36,1424600,미가입,미사용
V2_1417,WellStream,63,1420340,미가입,미사용
V2_1418,GoldLane,1,1420000,미가입,미사용
V2_1419,닷넷자바개발자,13,1416200,미가입,미사용
V2_1420,에스디엔,123,1415600,미가입,미사용
V2_1421,스택오버플로,9,1406860,미가입,미사용
V2_1422,yeunjin123,24,1405500,미가입,사용
V2_1423,망고소프트,46,1400400,미가입,미사용
V2_1424,멜코딩,85,1390780,미가입,미사용
V2_1425,논픽션Lover,79,1379400,미가입,미사용
V2_1426,주FHD,6,1379200,미가입,미사용
V2_1427,PictureX,5,1376000,미가입,미사용
V2_1428,노아넴,42,1373100,미가입,미사용
V2_1429,현민,9,1370200,미가입,사용
V2_1430,코딩팝,89,1368060,미가입,미사용
V2_1431,나는성윤,13,1364600,미가입,미사용
V2_1432,웨이애드,5,1362800,미가입,미사용
V2_1433,디플로피아,82,1361700,미가입,미사용
V2_1434,니스역,85,1360280,미가입,미사용
V2_1435,Floride,4,1357600,미가입,미사용
V2_1436,퍼블리셔미츠하시,114,1351920,미가입,사용
V2_1437,퍼블리안,54,1345200,미가입,미사용
V2_1438,다들과해이거면충분한데,24,1343720,미가입,사용
V2_1439,joonsuk,13,1339800,미가입,미사용
V2_1440,우니크프로젝트,19,1331200,미가입,미사용
V2_1441,무이모프,3,1327400,미가입,미사용
V2_1442,시크한너구리3850,56,1323400,미가입,미사용
V2_1443,중국홈페이지,28,1319080,미가입,미사용
V2_1444,Junah,27,1317740,미가입,미사용
V2_1445,PC엔지니어,98,1312280,미가입,미사용
V2_1446,대기업BI전문가,8,1310000,미가입,사용
V2_1447,blackway,7,1309000,미가입,미사용
V2_1448,버터와플,103,1306270,미가입,미사용
V2_1449,헬프리치,139,1306020,미가입,미사용
V2_1450,웹과장,51,1302000,미가입,미사용
V2_1451,얼굴제작소,25,1300800,미가입,미사용
V2_1452,백프로에이전시,15,1291800,미가입,미사용
V2_1453,욕토미터,11,1278000,미가입,미사용
V2_1454,크롤링개발자,89,1269720,미가입,미사용
V2_1455,KadRack,1,1244400,미가입,미사용
V2_1456,BurnaLee,3,1242000,미가입,미사용
V2_1457,8디자인,10,1234800,미가입,미사용
V2_1458,지나가던행인,16,1233200,미가입,미사용
V2_1459,ShiningWings,78,1232900,미가입,미사용
V2_1460,가성비를높이자,24,1231000,미가입,사용
V2_1461,브래딤,55,1218400,미가입,미사용
V2_1462,DB왕 봉식이,16,1215800,미가입,미사용
V2_1463,마하전자,6,1209400,미가입,미사용
V2_1464,css777,93,1207900,미가입,미사용
V2_1465,웹지원,133,1201270,미가입,미사용
V2_1466,쿠디,28,1200650,미가입,미사용
V2_1467,혼살,1,1200000,미가입,미사용
V2_1468,MakeCompany,96,1199200,미가입,미사용
V2_1469,메이크로그,32,1198600,미가입,미사용
V2_1470,친절한컴잘알씨,9,1196200,미가입,사용
V2_1471,스튜디오소개,10,1191400,미가입,미사용
V2_1472,뚱땍이,17,1185200,미가입,미사용
V2_1473,퐁고,102,1184420,미가입,미사용
V2_1474,코딩원,52,1170900,미가입,사용
V2_1475,Hoong,11,1163200,미가입,미사용
V2_1476,타이탄,2,1156400,미가입,미사용
V2_1477,gstaron,10,1151400,미가입,미사용
V2_1478,주셉,45,1149335,미가입,미사용
V2_1479,니뇨v2,69,1147700,미가입,미사용
V2_1480,김줭,20,1140200,미가입,미사용
V2_1481,포인원,6,1131000,미가입,미사용
V2_1482,모먼트디자인,85,1128100,미가입,미사용
V2_1483,디셉디콘,42,1127600,미가입,미사용
V2_1484,tengny,40,1127600,미가입,미사용
V2_1485,루띠,42,1125900,미가입,미사용
V2_1486,차은우,11,1123600,미가입,미사용
V2_1487,공감개발 이온 EEON,31,1123200,미가입,미사용
V2_1488,포스트IT,61,1122860,미가입,미사용
V2_1489,온화한치와와,95,1121720,미가입,미사용
V2_1490,엠제이주식회사,31,1120000,미가입,미사용
V2_1491,디지털빛,38,1117600,미가입,미사용
V2_1492,호두마루3,24,1117400,미가입,미사용
V2_1493,한도,19,1112800,미가입,미사용
V2_1494,조각구름,139,1111480,미가입,미사용
V2_1495,hyemong,37,1111400,미가입,미사용
V2_1496,DEVELOPER101,10,1108600,미가입,미사용
V2_1497,부승이,78,1106800,미가입,미사용
V2_1498,그랜트컴퍼니,2,1100000,미가입,미사용
V2_1499,개발로,78,1099220,미가입,미사용
V2_1500,SWDEVMAN,10,1095400,미가입,미사용
V2_1501,웹캔두잇,16,1094600,미가입,미사용
V2_1502,고슴도지,24,1093860,미가입,사용
V2_1503,더좋은디자인,12,1092000,미가입,미사용
V2_1504,상상콘텐츠,10,1091520,미가입,미사용
V2_1505,낯선소년,66,1083900,미가입,미사용
V2_1506,홍동의,74,1074800,미가입,미사용
V2_1507,쏘쏘쏘,41,1071400,미가입,미사용
V2_1508,엔드스튜디오,3,1057400,미가입,미사용
V2_1509,기분좋은오징어,34,1056240,미가입,미사용
V2_1510,IncludeStudio,3,1054200,미가입,미사용
V2_1511,플레이브,37,1054080,미가입,미사용
V2_1512,오늘도100프로,20,1053400,미가입,미사용
V2_1513,케이알랩바이오,29,1048980,미가입,미사용
V2_1514,클레이튼디파이전문가,5,1048000,미가입,미사용
V2_1515,php,95,1038260,미가입,미사용
V2_1516,김마리님,11,1033700,미가입,미사용
V2_1517,비쥬얼엑셀,17,1033600,미가입,미사용
V2_1518,AgencyHEEEE,1,1025200,미가입,미사용
V2_1519,JENNY기획,1,1022400,미가입,미사용
V2_1520,리얼아이저,5,1020000,미가입,미사용
V2_1521,betterwork,103,1014720,미가입,미사용
V2_1522,윤진로직,3,1013600,미가입,미사용
V2_1523,똑똑마케팅,13,1013200,미가입,미사용
V2_1524,박바램,3,1013200,미가입,미사용
V2_1525,생활DS,17,1008720,미가입,미사용
V2_1526,Freeyo,12,1007600,미가입,미사용
V2_1527,쇼핑몰운영도와드려요101,1,1007600,미가입,미사용
V2_1528,WebUIOhmy,17,1005800,미가입,미사용
V2_1529,인에빗,56,1004350,미가입,미사용
V2_1530,차례,6,1003600,미가입,미사용
V2_1531,이모션7,2,1000000,미가입,미사용
V2_1532,쪼꼬칩,2,1000000,미가입,미사용
V2_1533,책읽는유목민,94,996880,미가입,미사용
V2_1534,용파스,3,995200,미가입,미사용
V2_1535,나르메,8,993200,미가입,미사용
V2_1536,달이형아,49,992400,미가입,미사용
V2_1537,프로젝트29,1,990000,미가입,미사용
V2_1538,Twonine2020,24,987200,미가입,미사용
V2_1539,7wooooo,5,985520,미가입,미사용
V2_1540,SJSTUDIO,4,983600,미가입,미사용
V2_1541,lyh,59,983400,미가입,미사용
V2_1542,까시나무,23,982600,미가입,미사용
V2_1543,종버버버,17,980350,미가입,미사용
V2_1544,지나가는꼭두각시,68,976560,미가입,미사용
V2_1545,장뽕뽕,9,975800,미가입,미사용
V2_1546,에센셜리스트,19,973200,미가입,미사용
V2_1547,트뤼펠,4,962980,미가입,미사용
V2_1548,전문개발자,16,962600,미가입,미사용
V2_1549,필요한,9,961600,미가입,사용
V2_1550,SuccessFree,33,953860,미가입,미사용
V2_1551,PPBstudio,49,953400,미가입,미사용
V2_1552,쭈니쭈니입니다,6,950400,미가입,미사용
V2_1553,위그마,16,949800,미가입,미사용
V2_1554,알고리즘강성주,63,949200,미가입,미사용
V2_1555,DEVPLUG,6,949200,미가입,미사용
V2_1556,메이인,24,944600,미가입,사용
V2_1557,인디컬쳐스,15,944400,미가입,미사용
V2_1558,스낵컬쳐,51,943600,미가입,미사용
V2_1559,오드포인트,3,932000,미가입,미사용
V2_1560,개발이좋은개발자,9,930800,미가입,미사용
V2_1561,pmsolu,6,930800,미가입,미사용
V2_1562,innotive,16,930280,미가입,미사용
V2_1563,더블유쓰리디자인,21,923500,미가입,미사용
V2_1564,지쿠소프트,17,923040,미가입,미사용
V2_1565,온다비즈,2,910600,미가입,미사용
V2_1566,다정한치타3079,50,910040,미가입,미사용
V2_1567,씅,3,909600,미가입,미사용
V2_1568,와이드웹,3,903200,미가입,미사용
V2_1569,슈가에이전시,4,899800,미가입,미사용
V2_1570,싱가폴8년차직장인,19,890600,미가입,미사용
V2_1571,VOXDesign,14,889600,미가입,미사용
V2_1572,HJTECH,33,887060,미가입,미사용
V2_1573,하면된다82,2,886200,미가입,미사용
V2_1574,findTheAnswer,59,880680,미가입,미사용
V2_1575,용준개발자,13,878800,미가입,미사용
V2_1576,나이스퍼처스,5,876400,미가입,미사용
V2_1577,누구나웹메이커,79,872000,미가입,미사용
V2_1578,대전아무무,25,870700,미가입,미사용
V2_1579,소소한WPF개발,8,870400,미가입,미사용
V2_1580,아웅이,3,870000,미가입,미사용
V2_1581,파파A,18,869600,미가입,미사용
V2_1582,dave127,8,868200,미가입,미사용
V2_1583,디노코코,50,859400,미가입,미사용
V2_1584,스마트스투키,14,858920,미가입,미사용
V2_1585,AWS뉴페,8,855000,미가입,미사용
V2_1586,itdaweb,13,851200,미가입,미사용
V2_1587,webㅡphp,26,849600,미가입,미사용
V2_1588,제임슈,49,844780,미가입,미사용
V2_1589,오디자인60,34,841400,미가입,미사용
V2_1590,맑은소리ㅁ,25,836600,미가입,미사용
V2_1591,시스커스,1,836400,미가입,미사용
V2_1592,wellmadeweb,33,835000,미가입,미사용
V2_1593,동동e,8,830600,미가입,미사용
V2_1594,이너프엠,4,827200,미가입,미사용
V2_1595,징니,49,825000,미가입,미사용
V2_1596,이라크현지인,78,823120,미가입,미사용
V2_1597,Rateye,79,822800,가입,미사용
V2_1598,배연준,8,820000,가입,미사용
V2_1599,MakerKSH,13,814600,가입,미사용
V2_1600,투브릭스,4,806600,가입,미사용
V2_1601,화악,54,806200,가입,미사용
V2_1602,소피아브라더,77,802800,가입,미사용
V2_1603,AblelaDev,36,802400,미가입,미사용
V2_1604,열심하는개발자,21,800800,미가입,미사용
V2_1605,삼촌네,51,796640,미가입,사용
V2_1606,Bubblegum,71,793800,미가입,미사용
V2_1607,에스엔케이컴,3,790000,미가입,미사용
V2_1608,하윤아빠,41,786800,미가입,미사용
V2_1609,무란,3,784400,미가입,미사용
V2_1610,Synapse,13,784200,미가입,미사용
V2_1611,민똘이,65,783140,미가입,미사용
V2_1612,ZEG,3,782850,미가입,미사용
V2_1613,vtechone,22,781600,미가입,미사용
V2_1614,데이터수집가,26,775600,미가입,미사용
V2_1615,에스체트,2,774200,미가입,미사용
V2_1616,YoungDev,29,773980,미가입,미사용
V2_1617,Delmay,17,771400,미가입,미사용
V2_1618,9modern,30,759800,미가입,미사용
V2_1619,devdotnet,4,750600,미가입,미사용
V2_1620,STORYLINE360,25,733200,미가입,미사용
V2_1621,홈픽나라,3,728800,미가입,미사용
V2_1622,핑크펜더,43,721160,미가입,미사용
V2_1623,아이케이디,3,717100,미가입,미사용
V2_1624,노란자,40,714000,미가입,미사용
V2_1625,푸르른아침,48,713800,미가입,미사용
V2_1626,Myrealintel,1,711600,미가입,미사용
V2_1627,섭형,71,711200,미가입,미사용
V2_1628,ExcelFit,14,710200,미가입,미사용
V2_1629,주영두,1,704400,미가입,미사용
V2_1630,얀웬리,7,703600,미가입,미사용
V2_1631,똑똑한올빼미,53,700800,미가입,사용
V2_1632,웹닥터,37,700400,미가입,미사용
V2_1633,BurD,7,700000,미가입,미사용
V2_1634,상상속이펙트전문가,7,700000,미가입,미사용
V2_1635,GomPo,2,700000,미가입,미사용
V2_1636,MIMIN2,7,696735,가입,미사용
V2_1637,EllieG,12,693600,가입,미사용
V2_1638,코메딕,1,692400,가입,미사용
V2_1639,GreatMF,31,691500,가입,미사용
V2_1640,CodeManagerRio,22,687000,가입,미사용
V2_1641,송도리,11,682800,가입,미사용
V2_1642,youngjae,55,680400,미가입,미사용
V2_1643,별토깽,35,678200,미가입,미사용
V2_1644,moonbird,28,676080,미가입,미사용
V2_1645,atoughguy,6,671200,미가입,미사용
V2_1646,오토마이봇,6,669800,미가입,미사용
V2_1647,스폐셜리스트,4,669600,미가입,미사용
V2_1648,노피다,2,667800,미가입,미사용
V2_1649,위주디자인,2,666800,미가입,미사용
V2_1650,DealDeal,10,665760,미가입,미사용
V2_1651,오라클엔지니어,3,664400,미가입,미사용
V2_1652,im프로메테우스,2,660000,미가입,미사용
V2_1653,헤이즐디자인,1,660000,미가입,미사용
V2_1654,JC12,20,658080,미가입,미사용
V2_1655,다재다능중수,6,656000,미가입,미사용
V2_1656,S닥터,6,650000,미가입,미사용
V2_1657,천화장사,8,643800,미가입,미사용
V2_1658,ChairSitMan17,6,642600,미가입,미사용
V2_1659,앱개발전문프로그래머,4,638000,미가입,미사용
V2_1660,칼퇴서플라이어,10,636800,미가입,미사용
V2_1661,BusinessAnalyst,10,636760,미가입,미사용
V2_1662,버디랩,49,630000,미가입,미사용
V2_1663,PlayNProvide,12,629600,미가입,미사용
V2_1664,다각인포텍,18,623400,미가입,미사용
V2_1665,NewKo,19,619300,미가입,미사용
V2_1666,빅캐드기획,25,615000,미가입,미사용
V2_1667,BeginWith,2,610400,미가입,미사용
V2_1668,한나하,48,608800,미가입,미사용
V2_1669,비현코,16,605200,미가입,미사용
V2_1670,소울0817,5,605200,미가입,미사용
V2_1671,미소짓는지구,2,603000,미가입,미사용
V2_1672,다름소프트,15,602480,미가입,미사용
V2_1673,Nayeonyy,1,602400,미가입,미사용
V2_1674,디데카,2,600000,미가입,미사용
V2_1675,싹다만들어줌,26,598600,미가입,미사용
V2_1676,다이애드,5,590000,미가입,미사용
V2_1677,그린블루,15,588400,미가입,미사용
V2_1678,임프로그래밍,8,587800,미가입,미사용
V2_1679,소중한하루하루,52,574800,미가입,사용
V2_1680,개발전문가1,8,573000,미가입,미사용
V2_1681,메타엑스컴퍼니,1,557200,미가입,미사용
V2_1682,요즘은행복한갈치7462,45,556600,미가입,미사용
V2_1683,카백,9,554400,미가입,사용
V2_1684,명도소프트웨어,60,554100,미가입,미사용
V2_1685,soodev,12,554000,미가입,미사용
V2_1686,어니스트패밀리,10,553900,미가입,미사용
V2_1687,자영이,5,552200,미가입,미사용
V2_1688,Bunker22,1,550000,미가입,미사용
V2_1689,꾸몽,33,548500,미가입,미사용
V2_1690,CodeProject,9,541000,미가입,미사용
V2_1691,kmbxxxg,5,538400,미가입,미사용
V2_1692,웹핑,2,535800,미가입,미사용
V2_1693,SunriseCreative,1,532400,미가입,미사용
V2_1694,코딩하는참새,1,530400,미가입,미사용
V2_1695,yjy020892,1,526000,미가입,미사용
V2_1696,클라우드템,6,525600,미가입,미사용
V2_1697,메디웹,11,525400,미가입,미사용
V2_1698,jinblisher,24,525200,미가입,미사용
V2_1699,감주댕,13,522200,미가입,미사용
V2_1700,응애 나 애기 개발자,68,512820,미가입,미사용
V2_1701,dlawlgP,10,510200,미가입,미사용
V2_1702,낭만프로그래머,10,509400,미가입,미사용
V2_1703,proc,5,509000,미가입,미사용
V2_1704,개발자하이퍼,2,505200,미가입,미사용
V2_1705,디자인온더문,5,503400,미가입,미사용
V2_1706,flyweb,28,502600,미가입,미사용
V2_1707,호우린,5,500000,미가입,미사용
V2_1708,devkang,13,499000,미가입,미사용
V2_1709,EltaCrew,16,491000,미가입,미사용
V2_1710,12살때코딩시작,12,489200,미가입,미사용
V2_1711,WXREDBUGGER,3,488400,미가입,미사용
V2_1712,무지무지,68,486600,미가입,미사용
V2_1713,windis,11,483400,미가입,미사용
V2_1714,지미팍,16,483330,미가입,미사용
V2_1715,web채아,33,478800,미가입,미사용
V2_1716,azs,5,478000,미가입,미사용
V2_1717,onepixel,5,472400,미가입,미사용
V2_1718,HelloGenie,8,466500,미가입,미사용
V2_1719,IT기획전문가,3,464800,미가입,미사용
V2_1720,파란상어5142,4,462600,미가입,미사용
V2_1721,이올디자인,3,461400,미가입,미사용
V2_1722,삼번,15,459000,미가입,미사용
V2_1723,컴뉴비,19,458400,미가입,미사용
V2_1724,방송킬러시스템,5,449400,미가입,미사용
V2_1725,박찌니,2,444800,미가입,미사용
V2_1726,라시의Android,8,444000,미가입,미사용
V2_1727,DragonCloud,9,443350,미가입,미사용
V2_1728,유판,13,441800,미가입,미사용
V2_1729,성실한개미씨,49,440520,미가입,미사용
V2_1730,닉네임고민중,4,440000,미가입,미사용
V2_1731,yeolmune,32,438000,미가입,미사용
V2_1732,OkeyDOkey,4,434800,미가입,미사용
V2_1733,레몽코딩,7,433400,미가입,미사용
V2_1734,Codingismylife,16,432800,미가입,미사용
V2_1735,slayersh,9,431600,미가입,미사용
V2_1736,인공눈물,17,431300,미가입,미사용
V2_1737,하면된다,1,429800,미가입,미사용
V2_1738,친절한GIS도우미,12,429280,미가입,미사용
V2_1739,발자국저장소,37,429200,미가입,미사용
V2_1740,EZCODING,11,429100,미가입,미사용
V2_1741,choul,12,425400,미가입,미사용
V2_1742,샘소프트,2,423800,미가입,미사용
V2_1743,최현빈,5,422000,미가입,미사용
V2_1744,oRES,5,420000,미가입,미사용
V2_1745,스피드코더,27,417000,미가입,미사용
V2_1746,행복한프로그램,11,414600,미가입,미사용
V2_1747,NGM내가미래다,1,411000,미가입,미사용
V2_1748,TimeSaver4U,15,409550,미가입,미사용
V2_1749,FineB,7,405700,미가입,미사용
V2_1750,FranciscoXavier,6,405040,미가입,미사용
V2_1751,K9794396655,1,400000,미가입,미사용
V2_1752,빅텐광고,1,400000,미가입,미사용
V2_1753,네이든,9,391000,미가입,미사용
V2_1754,yootrue,11,390600,미가입,미사용
V2_1755,김코튼,37,390200,미가입,미사용
V2_1756,REALIFE,11,387420,미가입,미사용
V2_1757,와우댕글,8,385860,미가입,미사용
V2_1758,PREFAB,2,385400,미가입,미사용
V2_1759,hirui,6,384800,미가입,미사용
V2_1760,CSharp,5,380000,미가입,미사용
V2_1761,알록달록한다람쥐3089,8,373200,미가입,미사용
V2_1762,123abc,2,372600,미가입,미사용
V2_1763,섭프로,23,371800,미가입,미사용
V2_1764,성공메이커,5,371600,미가입,미사용
V2_1765,개발하는나무,36,368160,미가입,미사용
V2_1766,쌀짜루,24,367400,미가입,사용
V2_1767,발효,7,366600,미가입,미사용
V2_1768,김버퍼,19,363200,미가입,미사용
V2_1769,디마스터,31,360800,미가입,미사용
V2_1770,엑셀개발자,10,358800,미가입,미사용
V2_1771,홍인성,17,356800,미가입,미사용
V2_1772,웹플머,20,353800,미가입,미사용
V2_1773,나는판다,21,353460,미가입,미사용
V2_1774,웨일개발팀,1,352800,미가입,미사용
V2_1775,DoubleU,29,352400,미가입,미사용
V2_1776,mangolab,7,350000,미가입,미사용
V2_1777,SANG,1,350000,미가입,미사용
V2_1778,메이크웹,3,346800,미가입,미사용
V2_1779,러블리명탐정1271,14,345800,미가입,미사용
V2_1780,editerjunjun,3,342800,미가입,미사용
V2_1781,925Company,1,340400,미가입,미사용
V2_1782,케이제이랩,5,332200,미가입,미사용
V2_1783,유웅디,34,327200,미가입,미사용
V2_1784,검은개,9,324000,미가입,미사용
V2_1785,AppDev,6,323200,미가입,미사용
V2_1786,DEVREPO,16,320700,미가입,미사용
V2_1787,개인방송스튜디오구성,17,319400,미가입,미사용
V2_1788,레인보우브레인,28,318600,미가입,미사용
V2_1789,coduk,29,316400,미가입,미사용
V2_1790,마그네틱소프트,14,315980,미가입,미사용
V2_1791,주식회사비메이커스,2,315800,미가입,미사용
V2_1792,SRCommunications,18,315600,미가입,미사용
V2_1793,위드유1,39,314700,미가입,미사용
V2_1794,devL,1,310400,미가입,미사용
V2_1795,개발이좋아,1,310200,미가입,미사용
V2_1796,듀라코퍼레이션,1,309600,미가입,미사용
V2_1797,노페어,1,306400,미가입,미사용
V2_1798,완또남,19,305400,미가입,미사용
V2_1799,도라지,12,304200,미가입,미사용
V2_1800,크리CREER,1,304000,미가입,미사용
V2_1801,공집합,8,303700,미가입,미사용
V2_1802,JSLim,3,300000,미가입,미사용
V2_1803,아이멘토컴퍼니,2,300000,미가입,미사용
V2_1804,스튜디오W,1,300000,미가입,미사용
V2_1805,dragonline,12,299400,미가입,미사용
V2_1806,mcoffee,5,293800,미가입,미사용
V2_1807,Puding,11,288200,미가입,미사용
V2_1808,Brent,7,285000,미가입,미사용
V2_1809,마케팅전문가가도움드립니다,1,282400,미가입,미사용
V2_1810,개발전문인스텍,12,281600,미가입,미사용
V2_1811,금준호,4,280000,미가입,미사용
V2_1812,엘스부,10,279700,미가입,미사용
V2_1813,pymoon,5,278400,미가입,미사용
V2_1814,mutangood,22,276720,미가입,미사용
V2_1815,마케롱,2,272800,미가입,미사용
V2_1816,비타파워보이,20,271600,미가입,미사용
V2_1817,Think about,25,270100,미가입,미사용
V2_1818,아직도꿈속,2,268400,미가입,미사용
V2_1819,상냥한크리스마스4483,8,262400,미가입,미사용
V2_1820,햄복지수,21,260000,미가입,미사용
V2_1821,뉴리치마인드,1,257400,미가입,미사용
V2_1822,KTHS,15,255400,미가입,미사용
V2_1823,플랜비매니저,1,254400,미가입,미사용
V2_1824,디자인러버스,1,254000,미가입,미사용
V2_1825,androidPeace,7,251140,미가입,미사용
V2_1826,이프로5959,6,249800,미가입,미사용
V2_1827,자동매매전략전문가,7,249400,미가입,미사용
V2_1828,그래그래그래놀라,24,247900,미가입,사용
V2_1829,코딩클링,9,247200,미가입,사용
V2_1830,눌퍼블리셔,7,243800,미가입,미사용
V2_1831,감잃었음,12,243350,미가입,미사용
V2_1832,땅콩이편집가,20,243200,미가입,미사용
V2_1833,WebGO,13,242600,미가입,미사용
V2_1834,커먼요,15,242400,미가입,미사용
V2_1835,새벽디자인,1,240400,미가입,미사용
V2_1836,크랜베리인공지능,4,240000,미가입,미사용
V2_1837,dataman4,4,239600,미가입,미사용
V2_1838,분양몰전문서비스,4,236800,미가입,미사용
V2_1839,MDD솔루션,6,236400,미가입,미사용
V2_1840,heoina,3,234800,미가입,미사용
V2_1841,Jeros,13,232800,미가입,미사용
V2_1842,웹퍼블리,10,232200,미가입,미사용
V2_1843,메크,4,232200,미가입,미사용
V2_1844,파이클로러,33,231600,미가입,미사용
V2_1845,도르담,7,231000,미가입,미사용
V2_1846,윤자매맘,7,228800,미가입,미사용
V2_1847,소소소,5,227000,미가입,미사용
V2_1848,준수중,8,225000,미가입,미사용
V2_1849,nerd1,2,225000,미가입,미사용
V2_1850,웹빌더리,2,223200,미가입,미사용
V2_1851,명상컴,2,222400,미가입,미사용
V2_1852,통계마스터,12,221600,미가입,미사용
V2_1853,기르가즈,16,219400,미가입,미사용
V2_1854,웹JIN,4,219200,미가입,미사용
V2_1855,Brez,1,216400,미가입,미사용
V2_1856,Pytube,3,215800,미가입,미사용
V2_1857,자연스러운키덜트227,1,213200,미가입,미사용
V2_1858,경복궁,14,213000,미가입,미사용
V2_1859,DH테크,5,211600,미가입,미사용
V2_1860,YiWoo,3,211200,미가입,미사용
V2_1861,mediashock,1,210400,미가입,미사용
V2_1862,sammita,1,209200,미가입,미사용
V2_1863,SmartPLS통계,3,207200,미가입,미사용
V2_1864,마우스볼,5,205200,미가입,미사용
V2_1865,개발자베베,2,205000,미가입,미사용
V2_1866,달콤한나의도시,1,203200,미가입,미사용
V2_1867,아침엔스팸,5,200800,미가입,미사용
V2_1868,친절한전문가에요,29,200660,미가입,미사용
V2_1869,포도뮤,4,200000,미가입,미사용
V2_1870,tipogigante,1,200000,미가입,미사용
V2_1871,캣민트,1,200000,미가입,미사용
V2_1872,크림오프,1,200000,미가입,미사용
V2_1873,웹퍼블리셔GM,7,198800,미가입,미사용
V2_1874,디자인마스터즈,2,198000,미가입,미사용
V2_1875,온새미로s2,8,196800,미가입,미사용
V2_1876,소사탕,9,196600,미가입,미사용
V2_1877,시애틀데이터사이언티스트,16,191140,미가입,미사용
V2_1878,에스이v,24,188800,미가입,사용
V2_1879,Youngfolio,29,188600,미가입,미사용
V2_1880,흐,3,188200,미가입,미사용
V2_1881,장종우,4,186800,미가입,미사용
V2_1882,보고싶은조약돌4774,8,175800,미가입,미사용
V2_1883,Dev브이,9,174820,미가입,미사용
V2_1884,근본,4,170800,미가입,미사용
V2_1885,사이트메이커,1,170000,미가입,미사용
V2_1886,아이다스튜디오,5,168800,미가입,미사용
V2_1887,IME,16,168000,미가입,미사용
V2_1888,우리법무사사무소,5,167480,미가입,미사용
V2_1889,poi퍼블,3,167400,미가입,미사용
V2_1890,루디스,10,166760,미가입,미사용
V2_1891,에이지,2,164800,미가입,미사용
V2_1892,DongwookLim,9,164200,미가입,미사용
V2_1893,GLORYAPP,4,164000,미가입,미사용
V2_1894,제이팸디자인,18,162500,미가입,미사용
V2_1895,HAWK,1,161400,미가입,미사용
V2_1896,비중간계의상자,14,160800,미가입,미사용
V2_1897,jangwonyoung,4,160000,미가입,미사용
V2_1898,재치있는곰,4,160000,미가입,미사용
V2_1899,Student10,4,159200,미가입,미사용
V2_1900,비비엔에이전씨,1,159000,미가입,미사용
V2_1901,스마일투데이,7,158400,미가입,미사용
V2_1902,만만한개발자,17,155400,미가입,미사용
V2_1903,아이나 전문프로그래머,3,155200,미가입,미사용
V2_1904,지니Jinny,5,154200,미가입,미사용
V2_1905,청춘컴퓨터,8,153400,미가입,미사용
V2_1906,유니콘z,3,152800,미가입,미사용
V2_1907,HONES,2,152600,미가입,미사용
V2_1908,Mokoy,6,152440,미가입,미사용
V2_1909,두플,8,149600,미가입,미사용
V2_1910,FRENZ,1,149400,미가입,미사용
V2_1911,KeepG,5,146200,미가입,미사용
V2_1912,엑셀함수,11,146000,미가입,미사용
V2_1913,미루나루,8,145800,미가입,미사용
V2_1914,0to1,16,143600,미가입,미사용
V2_1915,명쾌한살구꽃,11,143200,미가입,미사용
V2_1916,MINGZ,5,141400,미가입,미사용
V2_1917,크롱키,4,140400,미가입,미사용
V2_1918,웹마스터강해성,5,137200,미가입,미사용
V2_1919,그랑블루팩토리,2,137000,미가입,미사용
V2_1920,Os,6,135600,미가입,미사용
V2_1921,woong6156,10,134800,미가입,미사용
V2_1922,자수성가농부,6,134800,미가입,미사용
V2_1923,네잇,8,133600,미가입,사용
V2_1924,DevSoll,11,132200,미가입,미사용
V2_1925,허브티,6,131600,미가입,미사용
V2_1926,크롤러로밥먹어먹는사람,3,130000,미가입,미사용
V2_1927,김헐랭,8,128200,미가입,미사용
V2_1928,82나는개발자,7,127800,미가입,미사용
V2_1929,데이터복구전문가,4,127400,미가입,미사용
V2_1930,오베로,3,127200,미가입,미사용
V2_1931,바율,3,126400,가입,미사용
V2_1932,UNCODINGS,5,124600,가입,미사용
V2_1933,어느봄날하늘,4,122600,가입,미사용
V2_1934,이루다0916,4,120000,가입,미사용
V2_1935,팽이고둥,4,120000,가입,미사용
V2_1936,닉넴할거없다,1,120000,미가입,미사용
V2_1937,DEVFATH,8,116600,미가입,미사용
V2_1938,이루쓰,1,116400,미가입,미사용
V2_1939,방구석인싸,4,115800,미가입,미사용
V2_1940,moncon,1,114800,미가입,미사용
V2_1941,vizko,1,112600,미가입,미사용
V2_1942,web개발자,6,112400,미가입,미사용
V2_1943,딸기젤리,10,112300,미가입,미사용
V2_1944,태평한햄스터9033,6,110000,미가입,미사용
V2_1945,다박,2,110000,미가입,미사용
V2_1946,지금여기에,4,109800,미가입,미사용
V2_1947,tabbake,12,108800,미가입,미사용
V2_1948,권도진,2,108800,미가입,미사용
V2_1949,피앤비데브,2,108600,미가입,미사용
V2_1950,빵Love,8,108400,미가입,미사용
V2_1951,웹개발몽이,10,108200,미가입,미사용
V2_1952,탁군디자인,6,105600,미가입,미사용
V2_1953,간단,5,105400,미가입,미사용
V2_1954,햄식,8,105100,미가입,미사용
V2_1955,미스크롤리,3,105000,미가입,미사용
V2_1956,아루미썰,6,104400,미가입,미사용
V2_1957,아링Aring,3,104200,미가입,미사용
V2_1958,JinPro,3,101600,미가입,미사용
V2_1959,원페이지코드,3,100000,미가입,미사용
V2_1960,DJLee,2,100000,미가입,미사용
V2_1961,김진우12321,2,100000,미가입,미사용
V2_1962,alphabet,1,100000,미가입,미사용
V2_1963,Ch2Woo,1,100000,미가입,미사용
V2_1964,쇼더앱,1,100000,미가입,미사용
V2_1965,개발조무사,6,97600,미가입,미사용
V2_1966,AI테크,6,96360,미가입,미사용
V2_1967,샬리또,10,95000,미가입,미사용
V2_1968,성공도우미,9,94200,미가입,미사용
V2_1969,kunky1113,8,93400,미가입,미사용
V2_1970,Taylor3,1,92400,미가입,미사용
V2_1971,bluebanana,6,91800,미가입,미사용
V2_1972,코잘러,4,90600,미가입,미사용
V2_1973,칠황보수,1,88000,미가입,미사용
V2_1974,렛미,1,86800,미가입,미사용
V2_1975,YHWEB,1,86400,미가입,미사용
V2_1976,퍼블리셔박근영,1,86400,미가입,미사용
V2_1977,안부덕,3,86000,미가입,미사용
V2_1978,뜔뜔이,6,82600,미가입,미사용
V2_1979,Pythonista,3,81400,미가입,미사용
V2_1980,청년고도몰개발자,10,81200,미가입,미사용
V2_1981,마케팅여기요,1,80800,미가입,미사용
V2_1982,프리관리자,5,80600,미가입,미사용
V2_1983,자산메니저,2,80000,미가입,미사용
V2_1984,외국계마케터,3,79400,미가입,미사용
V2_1985,CallMeAndrew,9,79320,미가입,미사용
V2_1986,디어드림 디자인,2,79000,미가입,미사용
V2_1987,항상초심,1,79000,미가입,미사용
V2_1988,CL씨엘,4,78200,미가입,미사용
V2_1989,고스트빌딩,4,76000,미가입,미사용
V2_1990,누끼코리아,6,74800,미가입,미사용
V2_1991,RudeKelly,4,73800,미가입,미사용
V2_1992,정의현123,4,73400,미가입,미사용
V2_1993,ticrolf,7,73000,미가입,미사용
V2_1994,태평한구름5676,3,70000,미가입,미사용
V2_1995,낭비없는성공,3,67800,미가입,미사용
V2_1996,OGF,1,67400,미가입,미사용
V2_1997,내로야,3,65800,미가입,미사용
V2_1998,티블록,3,64600,미가입,미사용
V2_1999,DataAnalysis,1,62400,미가입,미사용
V2_2000,Softopia,7,58000,미가입,미사용
V2_2001,boogle,3,57600,미가입,미사용
V2_2002,월수입5001000만원쉬워,3,56000,미가입,미사용
V2_2003,개발자이든,2,55000,미가입,미사용
V2_2004,페로님,6,53800,미가입,미사용
V2_2005,마데마,4,53200,미가입,미사용
V2_2006,누들와글,5,52800,미가입,미사용
V2_2007,쿠쿠더스,3,51200,미가입,미사용
V2_2008,유민에브리띵,2,50600,미가입,미사용
V2_2009,희몽,5,50000,미가입,미사용
V2_2010,IT소생술사,2,48400,가입,미사용
V2_2011,뾰로통한당근6195,2,47400,가입,미사용
V2_2012,CodeCoffee,6,44000,가입,미사용
V2_2013,까까꼬꼬,4,42600,가입,미사용
V2_2014,southouse,1,41400,미가입,미사용
V2_2015,테디창,2,41200,미가입,미사용
V2_2016,WebKyu,4,40000,미가입,미사용
V2_2017,JumpUpSuperStar,2,40000,미가입,미사용
V2_2018,톡톡금융데이터전문가,2,39400,미가입,미사용
V2_2019,GSDㅡTeam,2,38000,미가입,미사용
V2_2020,웨이엠,1,37400,미가입,미사용
V2_2021,다정다감한첫눈5327,3,36800,미가입,미사용
V2_2022,학습남260,2,35200,미가입,미사용
V2_2023,h홍이,7,35000,미가입,미사용
V2_2024,songdev,2,33600,미가입,미사용
V2_2025,FIABAP,1,33400,미가입,미사용
V2_2026,DevWorker,1,33000,미가입,미사용
V2_2027,라피네풍,1,32400,미가입,미사용
V2_2028,스핀0915,4,30400,미가입,미사용
V2_2029,효율자동화쟁이,3,30000,미가입,미사용
V2_2030,JessicKim,1,30000,미가입,미사용
V2_2031,quantumy,1,30000,미가입,미사용
V2_2032,오렌지코드,1,30000,미가입,미사용
V2_2033,배고픈개발자,2,29200,미가입,미사용
V2_2034,운돌이,1,29000,미가입,미사용
V2_2035,용감한베프7272,2,28400,미가입,미사용
V2_2036,ThunDesign,1,28200,미가입,미사용
V2_2037,JuchKim,1,27800,미가입,미사용
V2_2038,Mojangcam,1,27400,미가입,미사용
V2_2039,suu2,1,27400,미가입,미사용
V2_2040,잘부탁합니드앙,1,26800,미가입,미사용
V2_2041,프로그래머태태,1,26400,미가입,미사용
V2_2042,initialize,2,25400,미가입,미사용
V2_2043,Chance235,5,25000,미가입,미사용
V2_2044,좋은하루되세요,1,25000,미가입,미사용
V2_2045,눈부신여유,1,24200,미가입,미사용
V2_2046,LABBIT,1,23200,미가입,미사용
V2_2047,2BEOMH,4,22800,미가입,미사용
V2_2048,러버덕101,2,22200,미가입,미사용
V2_2049,센스코더,1,20000,미가입,미사용
V2_2050,DanHanaSoft,1,18400,미가입,미사용
V2_2051,socialmarketing,1,16200,미가입,미사용
V2_2052,꼼꼼한웹개발자,3,15000,미가입,미사용
V2_2053,새싹따릉이,1,12600,미가입,미사용
V2_2054,Joan,1,12200,미가입,미사용
V2_2055,MiKyungChoi,1,11000,미가입,미사용
V2_2056,강쥐쥐,1,11000,미가입,미사용
V2_2057,김효밍,2,10000,미가입,미사용
V2_2058,프리개발자,2,10000,미가입,미사용
V2_2059,엑셀백화점,1,8000,미가입,미사용
V2_2060,피그렛디자인,1,8000,미가입,미사용
V2_2061,web3expert,1,7800,미가입,미사용
V2_2062,enos,2,6950,미가입,미사용
V2_2063,K9027456501,1,5000,미가입,미사용
V2_2064,승쿠딩,1,5000,가입,미사용
V2_2065,저돌적인미니,1,5000,가입,미사용
